id,type,vedette,insee,NCCENR,longitude,latitude
1,commune,L'Albère,66001,Albère (L'),2.892474359,42.47219885
2,,Sant Cristau,66001,Albère (L'),2.892474359,42.47219885
3,commune,Alénya,66002,Alénya ,2.980458382,42.64296279
4,,Boaçà,66002,Alénya ,2.980458382,42.64296279
389,commune,Amélie-les-Bains,66003,Amélie-les-Bains-Palalda ,2.677717523,42.4506195
391,,El Gau,66003,Amélie-les-Bains-Palalda ,2.677717523,42.4506195
390,,Les Boixedes,66003,Amélie-les-Bains-Palalda ,2.677717523,42.4506195
392,,Montdony i Montalbà,66003,Amélie-les-Bains-Palalda ,2.677717523,42.4506195
458,commune,Palalda,66003,Amélie-les-Bains-Palalda ,2.677717523,42.4506195
393,,Puig Alduc,66003,Amélie-les-Bains-Palalda ,2.677717523,42.4506195
394,,Puig dels Banys,66003,Amélie-les-Bains-Palalda ,2.677717523,42.4506195
395,,Santa Engràcia,66003,Amélie-les-Bains-Palalda ,2.677717523,42.4506195
845,commune,Les Angles,66004,Angles (Les),2.022431422,42.58152381
846,,Mercadal,66004,Angles (Les),2.022431422,42.58152381
847,,Vallsera,66004,Angles (Les),2.022431422,42.58152381
864,commune,Angoustrine,66005,Angoustrine-Villeneuve-des-Escaldes ,1.966239187,42.55276878
865,,"La Bollosa, Boneshores",66005,Angoustrine-Villeneuve-des-Escaldes ,1.966239187,42.55276878
866,,Lanós,66005,Angoustrine-Villeneuve-des-Escaldes ,1.966239187,42.55276878
941,,Les Escaldes,66005,Angoustrine-Villeneuve-des-Escaldes ,1.966239187,42.55276878
867,,Pasquers del Carlit i del Tosal Colomer,66005,Angoustrine-Villeneuve-des-Escaldes ,1.966239187,42.55276878
868,,Puig Perich,66005,Angoustrine-Villeneuve-des-Escaldes ,1.966239187,42.55276878
869,,Sant Martí d’Envalls,66005,Angoustrine-Villeneuve-des-Escaldes ,1.966239187,42.55276878
940,commune,Villeneuve-des-Escaldes,66005,Angoustrine-Villeneuve-des-Escaldes ,1.966239187,42.55276878
1080,commune,Ansignan,66006,Ansignan ,2.523275366,42.76194073
554,commune,Arboussols,66007,Arboussols ,2.50684973,42.66147824
555,,Marcèvol,66007,Arboussols ,2.50684973,42.66147824
556,,"Nossa, Coma Calenta",66007,Arboussols ,2.50684973,42.66147824
557,,"Oltrera, Dotrera",66007,Arboussols ,2.50684973,42.66147824
5,commune,Argelès-sur-Mer,66008,Argelès-sur-Mer ,3.030470267,42.5230322
7,,L’Olla,66008,Argelès-sur-Mer ,3.030470267,42.5230322
6,,La Massana,66008,Argelès-sur-Mer ,3.030470267,42.5230322
8,,La Pava,66008,Argelès-sur-Mer ,3.030470267,42.5230322
9,,Puig d’Orfila,66008,Argelès-sur-Mer ,3.030470267,42.5230322
10,,Pujols,66008,Argelès-sur-Mer ,3.030470267,42.5230322
11,,Sant Bernat,66008,Argelès-sur-Mer ,3.030470267,42.5230322
13,,Sant Jeroni,66008,Argelès-sur-Mer ,3.030470267,42.5230322
14,,Sant Julià de Rohar,66008,Argelès-sur-Mer ,3.030470267,42.5230322
15,,Sant Llorenç del Mont,66008,Argelès-sur-Mer ,3.030470267,42.5230322
18,,Sant Pere,66008,Argelès-sur-Mer ,3.030470267,42.5230322
16,,Santa Magdalena,66008,Argelès-sur-Mer ,3.030470267,42.5230322
17,,Santa Maria del Prat,66008,Argelès-sur-Mer ,3.030470267,42.5230322
19,,Tatzó d’Avall,66008,Argelès-sur-Mer ,3.030470267,42.5230322
20,,Torneules,66008,Argelès-sur-Mer ,3.030470267,42.5230322
21,,Ultrera,66008,Argelès-sur-Mer ,3.030470267,42.5230322
23,,Vall de Nous,66008,Argelès-sur-Mer ,3.030470267,42.5230322
22,,Vallbona,66008,Argelès-sur-Mer ,3.030470267,42.5230322
24,,Vallmalenya,66008,Argelès-sur-Mer ,3.030470267,42.5230322
25,,Vila Vella,66008,Argelès-sur-Mer ,3.030470267,42.5230322
374,,Aiguabella,66009,Arles-sur-Tech ,2.618613667,42.45530153
372,commune,Arles-sur-Tech,66009,Arles-sur-Tech ,2.618613667,42.45530153
376,,Bonabosch,66009,Arles-sur-Tech ,2.618613667,42.45530153
377,,Castanyer,66009,Arles-sur-Tech ,2.618613667,42.45530153
379,,Codalet,66009,Arles-sur-Tech ,2.618613667,42.45530153
380,,Cugussach,66009,Arles-sur-Tech ,2.618613667,42.45530153
381,,Felgars,66009,Arles-sur-Tech ,2.618613667,42.45530153
382,,Fontanills,66009,Arles-sur-Tech ,2.618613667,42.45530153
383,,Freixà,66009,Arles-sur-Tech ,2.618613667,42.45530153
375,,La Batllia,66009,Arles-sur-Tech ,2.618613667,42.45530153
378,,La Clota,66009,Arles-sur-Tech ,2.618613667,42.45530153
384,,La Guàrdia,66009,Arles-sur-Tech ,2.618613667,42.45530153
373,,Les Abadies,66009,Arles-sur-Tech ,2.618613667,42.45530153
385,,Les Llasseres,66009,Arles-sur-Tech ,2.618613667,42.45530153
386,,Mas d’En Ploma,66009,Arles-sur-Tech ,2.618613667,42.45530153
388,,Sant Pere de Riuferrer,66009,Arles-sur-Tech ,2.618613667,42.45530153
387,,Santa Creu de Quercorb,66009,Arles-sur-Tech ,2.618613667,42.45530153
552,commune,Ayguatébia,66010,Ayguatébia-Talau ,2.192980088,42.55694618
787,,Cabrils,66010,Ayguatébia-Talau ,2.192980088,42.55694618
789,,Els Plans,66010,Ayguatébia-Talau ,2.192980088,42.55694618
788,,Moncles,66010,Ayguatébia-Talau ,2.192980088,42.55694618
790,,Serramitjana,66010,Ayguatébia-Talau ,2.192980088,42.55694618
786,commune,Talau,66010,Ayguatébia-Talau ,2.192980088,42.55694618
553,,Trappa,66010,Ayguatébia-Talau ,2.192980088,42.55694618
791,,Tuèvol,66010,Ayguatébia-Talau ,2.192980088,42.55694618
792,,Vall del Feu,66010,Ayguatébia-Talau ,2.192980088,42.55694618
26,commune,Bages,66011,Bages ,2.886955893,42.60398464
27,,Bajoles,66011,Bages ,2.886955893,42.60398464
28,,Sant Joan de Reart,66011,Bages ,2.886955893,42.60398464
29,commune,Baho,66012,Baho ,2.822982051,42.70380436
803,commune,Baillestavy,66013,Baillestavy ,2.521860667,42.5669545
804,,Les Cases,66013,Baillestavy ,2.521860667,42.5669545
805,,Llebrera,66013,Baillestavy ,2.521860667,42.5669545
806,,Marich,66013,Baillestavy ,2.521860667,42.5669545
807,,Mesons,66013,Baillestavy ,2.521860667,42.5669545
808,,Tellet,66013,Baillestavy ,2.521860667,42.5669545
30,commune,Baixas,66014,Baixas ,2.805914872,42.74803128
31,,Santa Caterina,66014,Baixas ,2.805914872,42.74803128
32,commune,Banyuls-dels-Aspres,66015,Banyuls-dels-Aspres ,2.859804537,42.56756787
34,,Fontclara,66015,Banyuls-dels-Aspres ,2.859804537,42.56756787
35,,La Guàrdia,66015,Banyuls-dels-Aspres ,2.859804537,42.56756787
36,,Vila Vella,66015,Banyuls-dels-Aspres ,2.859804537,42.56756787
39,,Alamanys,66016,Banyuls-sur-Mer ,3.122209845,42.47071272
40,,"Armen, Elmes",66016,Banyuls-sur-Mer ,3.122209845,42.47071272
37,commune,Banyuls-sur-Mer,66016,Banyuls-sur-Mer ,3.122209845,42.47071272
41,,Castell Ferrer,66016,Banyuls-sur-Mer ,3.122209845,42.47071272
42,,Castell Serradillo,66016,Banyuls-sur-Mer ,3.122209845,42.47071272
45,,La Roma,66016,Banyuls-sur-Mer ,3.122209845,42.47071272
38,,Les Abelles,66016,Banyuls-sur-Mer ,3.122209845,42.47071272
43,,Paulilles,66016,Banyuls-sur-Mer ,3.122209845,42.47071272
44,,Puig del Mas,66016,Banyuls-sur-Mer ,3.122209845,42.47071272
46,,Sant Joan de la Vassa,66016,Banyuls-sur-Mer ,3.122209845,42.47071272
47,,Vall Auger,66016,Banyuls-sur-Mer ,3.122209845,42.47071272
48,,Vallauria,66016,Banyuls-sur-Mer ,3.122209845,42.47071272
49,commune,Le Barcarès,66017,Barcarès (Le),3.031688095,42.7950856
51,,Castell de Cristall,66018,Bastide (La),2.577170763,42.53650794
50,commune,La Bastide,66018,Bastide (La),2.577170763,42.53650794
52,,Santa Anna dels Quatre Termes,66018,Bastide (La),2.577170763,42.53650794
1081,commune,Bélesta,66019,Bélesta ,2.635551832,42.72706851
1082,,Caladroer,66019,Bélesta ,2.635551832,42.72706851
1083,,Jonqueroles,66019,Bélesta ,2.635551832,42.72706851
1084,,Llebrers,66019,Bélesta ,2.635551832,42.72706851
870,commune,Bolquère,66020,Bolquère ,2.071921106,42.51942428
53,commune,Bompas,66021,Bompas ,2.944541341,42.73013146
54,,Canomals,66021,Bompas ,2.944541341,42.73013146
58,,Arsós,66022,Boule-d'Amont ,2.595511321,42.59183491
57,commune,Boule-d'Amont,66022,Boule-d'Amont ,2.595511321,42.59183491
59,,Casals,66022,Boule-d'Amont ,2.595511321,42.59183491
60,,Civenach,66022,Boule-d'Amont ,2.595511321,42.59183491
63,,El Monistrol,66022,Boule-d'Amont ,2.595511321,42.59183491
67,,El Vilar,66022,Boule-d'Amont ,2.595511321,42.59183491
64,,L’Oratori,66022,Boule-d'Amont ,2.595511321,42.59183491
65,,La Salvetat,66022,Boule-d'Amont ,2.595511321,42.59183491
61,,Lausich,66022,Boule-d'Amont ,2.595511321,42.59183491
62,,Mas d’en Taix,66022,Boule-d'Amont ,2.595511321,42.59183491
66,,Serrabona,66022,Boule-d'Amont ,2.595511321,42.59183491
69,,Altanach,66023,Bouleternère ,2.583743889,42.64576667
68,commune,Bouleternère,66023,Bouleternère ,2.583743889,42.64576667
70,,Marsugà,66023,Bouleternère ,2.583743889,42.64576667
71,,Mas Vernós,66023,Bouleternère ,2.583743889,42.64576667
72,,Sant Nazari de Barbadell,66023,Bouleternère ,2.583743889,42.64576667
353,commune,Le Boulou,66024,Boulou (Le),2.8348044,42.52528027
354,,Molars,66024,Boulou (Le),2.8348044,42.52528027
355,,Ursigà,66024,Boulou (Le),2.8348044,42.52528027
871,commune,Caldégas,66025,Bourg-Madame ,1.96612371,42.43513823
872,,Onzès,66025,Bourg-Madame ,1.96612371,42.43513823
55,commune,Brouilla,66026,Brouilla ,2.891988909,42.58105864
56,,Darnach (Mas Tardiu),66026,Brouilla ,2.891988909,42.58105864
558,commune,La Cabanasse,66027,Cabanasse (La),2.112877455,42.50510218
559,,La Perxa,66027,Cabanasse (La),2.112877455,42.50510218
560,,Pujol,66027,Cabanasse (La),2.112877455,42.50510218
73,commune,Cabestany,66028,Cabestany ,2.942931358,42.67636889
74,,Carles,66028,Cabestany ,2.942931358,42.67636889
75,,Guardiola,66028,Cabestany ,2.942931358,42.67636889
76,commune,Caixas,66029,Caixas ,2.657286886,42.60336974
77,,Fontcoberta,66029,Caixas ,2.657286886,42.60336974
78,,Les Illes,66029,Caixas ,2.657286886,42.60336974
79,,Nostra Senyora del Coll,66029,Caixas ,2.657286886,42.60336974
80,commune,Calce,66030,Calce ,2.752773958,42.74494833
81,,Cavanach,66030,Calce ,2.752773958,42.74494833
82,,Les Fonts,66030,Calce ,2.752773958,42.74494833
83,commune,Calmeilles,66032,Calmeilles ,2.668856364,42.54811809
85,,Carcase,66032,Calmeilles ,2.668856364,42.54811809
84,,La Balma,66032,Calmeilles ,2.668856364,42.54811809
86,commune,Camélas,66033,Camélas ,2.689598849,42.63871568
561,commune,Campôme,66034,Campôme ,2.388892143,42.64857651
562,,Fornols,66034,Campôme ,2.388892143,42.64857651
563,,Paracolls,66034,Campôme ,2.388892143,42.64857651
1085,commune,Campoussy,66035,Campoussy ,2.457153117,42.7000561
1086,,Palmes,66035,Campoussy ,2.457153117,42.7000561
564,commune,Canaveilles,66036,Canaveilles ,2.224500485,42.53320524
565,,Castell de Niovol,66036,Canaveilles ,2.224500485,42.53320524
567,,"Erola, Cerola",66036,Canaveilles ,2.224500485,42.53320524
566,,Les Caussines,66036,Canaveilles ,2.224500485,42.53320524
568,,Llar,66036,Canaveilles ,2.224500485,42.53320524
91,commune,Canet-en-Roussillon,66037,Canet-en-Roussillon ,3.013608867,42.68650753
92,,L’Esparró,66037,Canet-en-Roussillon ,3.013608867,42.68650753
93,,Sant Miquel de Forques,66037,Canet-en-Roussillon ,3.013608867,42.68650753
94,,Vilarnau,66037,Canet-en-Roussillon ,3.013608867,42.68650753
95,commune,Canohès,66038,Canohès ,2.835643243,42.65091838
96,,Mas de les Coves,66038,Canohès ,2.835643243,42.65091838
1087,commune,Caramany,66039,Caramany ,2.5628218,42.7338767
97,commune,Casefabre,66040,Casefabre ,2.615253153,42.61738748
98,,Sant Ponç de Candell,66040,Casefabre ,2.615253153,42.61738748
99,commune,Cases-de-Pène,66041,Cases-de-Pène ,2.785336719,42.78288719
1088,commune,Cassagnes,66042,Cassagnes ,2.626362208,42.74105351
1089,,Cuixós,66042,Cassagnes ,2.626362208,42.74105351
1090,,Pleus,66042,Cassagnes ,2.626362208,42.74105351
569,commune,Casteil,66043,Casteil ,2.416623372,42.50163221
570,,Pla Guillem,66043,Casteil ,2.416623372,42.50163221
571,,Sant Martí de Canigó,66043,Casteil ,2.416623372,42.50163221
572,,Torre de Goa,66043,Casteil ,2.416623372,42.50163221
100,commune,Castelnou,66044,Castelnou ,2.70863405,42.61309485
101,,Cubrí,66044,Castelnou ,2.70863405,42.61309485
102,,Santa Maria del Mercadal,66044,Castelnou ,2.70863405,42.61309485
573,commune,Catllar,66045,Catllar ,2.426973793,42.6375246
574,,La Illa,66045,Catllar ,2.426973793,42.6375246
575,,Nostra Senyora de Riquer,66045,Catllar ,2.426973793,42.6375246
576,,Sant Jaume de Calahons,66045,Catllar ,2.426973793,42.6375246
1091,commune,Caudiès-de-Fenouillèdes,66046,Caudiès-de-Fenouillèdes ,2.381472696,42.8173547
1092,,Io Bouich,66046,Caudiès-de-Fenouillèdes ,2.381472696,42.8173547
1093,,Nostro Dono de la Val,66046,Caudiès-de-Fenouillèdes ,2.381472696,42.8173547
1094,,Sant Jaume,66046,Caudiès-de-Fenouillèdes ,2.381472696,42.8173547
577,commune,Caudiès-de-Conflent,66047,Caudiès-de-Conflent ,2.14420661,42.55960678
103,commune,Cerbère,66048,Cerbère ,3.159821492,42.44669008
104,,Queroig,66048,Cerbère ,3.159821492,42.44669008
401,commune,Céret,66049,Céret ,2.74540289,42.4833872
402,,Lasertet ou Les Costes,66049,Céret ,2.74540289,42.4833872
403,,Mas del Parer,66049,Céret ,2.74540289,42.4833872
404,,"Palol, Palau",66049,Céret ,2.74540289,42.4833872
405,,Sant Ferriol,66049,Céret ,2.74540289,42.4833872
406,,Sant Jordi,66049,Céret ,2.74540289,42.4833872
105,commune,Claira,66050,Claira ,2.94593266,42.75824979
578,commune,Clairà,66050,Claira ,2.94593266,42.75824979
106,,Combusta,66050,Claira ,2.94593266,42.75824979
579,,Orgeres,66050,Claira ,2.94593266,42.75824979
107,,Peracals,66050,Claira ,2.94593266,42.75824979
580,,Sant Esteve de Pomers,66050,Claira ,2.94593266,42.75824979
108,,Sant Pere del Vilar,66050,Claira ,2.94593266,42.75824979
581,,Villerach,66050,Claira ,2.94593266,42.75824979
582,commune,Codalet,66052,Codalet ,2.413089868,42.60222474
583,,Sant Joan de Dosserons,66052,Codalet ,2.413089868,42.60222474
584,,Sant Miquel de Cuixà,66052,Codalet ,2.413089868,42.60222474
121,commune,Collioure,66053,Collioure ,3.077711048,42.51758048
122,,El Mirador,66053,Collioure ,3.077711048,42.51758048
129,,La Vila Vella,66053,Collioure ,3.077711048,42.51758048
123,,Nostra Senyora de Consolació,66053,Collioure ,3.077711048,42.51758048
124,,Port d’Amunt,66053,Collioure ,3.077711048,42.51758048
125,,Port d’Avall,66053,Collioure ,3.077711048,42.51758048
126,,Sant Elm,66053,Collioure ,3.077711048,42.51758048
127,,Torre de l’Estela,66053,Collioure ,3.077711048,42.51758048
128,,Torre de la Colomina,66053,Collioure ,3.077711048,42.51758048
586,,Arletes,66054,Conat ,2.340152,42.61836786
585,commune,Conat,66054,Conat ,2.340152,42.61836786
587,,Eroles,66054,Conat ,2.340152,42.61836786
588,,Nabilles,66054,Conat ,2.340152,42.61836786
589,,Santa Creu,66054,Conat ,2.340152,42.61836786
590,,Santa Margarida,66054,Conat ,2.340152,42.61836786
591,,Vellans,66054,Conat ,2.340152,42.61836786
111,commune,Corbère,66055,Corbère ,2.662434022,42.65264163
112,,Els Cortals,66055,Corbère ,2.662434022,42.65264163
113,,Sant Julià de Vallventosa,66055,Corbère ,2.662434022,42.65264163
114,,Sant Pere del Bosch,66055,Corbère ,2.662434022,42.65264163
115,commune,Corbère-les-Cabanes,66056,Corbère-les-Cabanes ,2.680497857,42.65995143
116,,Font de la Dou,66056,Corbère-les-Cabanes ,2.680497857,42.65995143
592,commune,Corneilla-de-Conflent,66057,Corneilla-de-Conflent ,2.383345641,42.58046974
593,,Embullà,66057,Corneilla-de-Conflent ,2.383345641,42.58046974
594,,Les Molleres,66057,Corneilla-de-Conflent ,2.383345641,42.58046974
595,,"Sant Climent de Sagamà, ou de la Serra",66057,Corneilla-de-Conflent ,2.383345641,42.58046974
117,commune,Corneilla-la-Rivière,66058,Corneilla-la-Rivière ,2.73188213,42.70864417
118,,Cornellanell,66058,Corneilla-la-Rivière ,2.73188213,42.70864417
408,,Arlelles,66060,Corsavy ,2.559599912,42.48030482
410,,Batera,66060,Corsavy ,2.559599912,42.48030482
407,commune,Corsavy,66060,Corsavy ,2.559599912,42.48030482
412,,Gusach,66060,Corsavy ,2.559599912,42.48030482
417,,La Talleda,66060,Corsavy ,2.559599912,42.48030482
418,,La Torre d’Anglars,66060,Corsavy ,2.559599912,42.48030482
414,,Leca,66060,Corsavy ,2.559599912,42.48030482
409,,Les Balmes,66060,Corsavy ,2.559599912,42.48030482
411,,Les Beges,66060,Corsavy ,2.559599912,42.48030482
413,,Llanser,66060,Corsavy ,2.559599912,42.48030482
415,,Perduts,66060,Corsavy ,2.559599912,42.48030482
416,,Pla de Rodes,66060,Corsavy ,2.559599912,42.48030482
419,,Uxes,66060,Corsavy ,2.559599912,42.48030482
420,,Vilalta,66060,Corsavy ,2.559599912,42.48030482
422,,Castell Falcó,66061,Coustouges ,2.629385676,42.35905292
421,commune,Coustouges,66061,Coustouges ,2.629385676,42.35905292
423,,Vilaroja,66061,Coustouges ,2.629385676,42.35905292
873,commune,Dorres,66062,Dorres ,1.933937939,42.50452595
874,,Nostra Senyora de Belloch,66062,Dorres ,1.933937939,42.50452595
109,commune,Les Cluses,66063,Cluses (Les),2.845855227,42.48290966
110,,Sant Pere de Sureda,66063,Cluses (Les),2.845855227,42.48290966
875,commune,Égat,66064,Égat ,2.016664118,42.50060853
131,,Bonit,66065,Elne ,2.971938429,42.60521457
132,,Buada,66065,Elne ,2.971938429,42.60521457
130,commune,Elne,66065,Elne ,2.971938429,42.60521457
133,,Mossellons,66065,Elne ,2.971938429,42.60521457
134,,Palol d’Amunt,66065,Elne ,2.971938429,42.60521457
135,,Palol d’Avall,66065,Elne ,2.971938429,42.60521457
137,,Sant Martí de la Riba,66065,Elne ,2.971938429,42.60521457
136,,Santa Eugènia de Tresmals,66065,Elne ,2.971938429,42.60521457
138,,Senadors,66065,Elne ,2.971938429,42.60521457
877,,Bèna,66066,Enveitg ,1.896899706,42.48348341
878,,Brangolí,66066,Enveitg ,1.896899706,42.48348341
876,commune,Entveitg,66066,Enveitg ,1.896899706,42.48348341
879,,Feners,66066,Enveitg ,1.896899706,42.48348341
882,,La Vinyola,66066,Enveitg ,1.896899706,42.48348341
880,,Llaura,66066,Enveitg ,1.896899706,42.48348341
881,,Maura,66066,Enveitg ,1.896899706,42.48348341
883,commune,Err,66067,Err ,2.061701319,42.41401319
598,,Aigues Caldes,66068,Escaro ,2.31207925,42.54001037
599,,Aituà,66068,Escaro ,2.31207925,42.54001037
596,commune,Escaro,66068,Escaro ,2.31207925,42.54001037
597,,Sant Jaume de Camerola,66068,Escaro ,2.31207925,42.54001037
600,,Vall Marsana,66068,Escaro ,2.31207925,42.54001037
601,,Veïnat d’Amunt,66068,Escaro ,2.31207925,42.54001037
602,,Veïnat d’Avall,66068,Escaro ,2.31207925,42.54001037
139,commune,Espira-de-l'Agly,66069,Espira-de-l'Agly ,2.816612326,42.78943221
140,,Mas de la Dona Morta,66069,Espira-de-l'Agly ,2.816612326,42.78943221
141,,Nastes,66069,Espira-de-l'Agly ,2.816612326,42.78943221
604,,Brandi,66070,Espira-de-Conflent ,2.495114744,42.62036397
603,commune,Espira-de-Conflent,66070,Espira-de-Conflent ,2.495114744,42.62036397
605,,Gujach,66070,Espira-de-Conflent ,2.495114744,42.62036397
608,,La Vall d’Espirà,66070,Espira-de-Conflent ,2.495114744,42.62036397
607,,Les Penades,66070,Espira-de-Conflent ,2.495114744,42.62036397
606,,Noda,66070,Espira-de-Conflent ,2.495114744,42.62036397
609,,Vallorrera,66070,Espira-de-Conflent ,2.495114744,42.62036397
142,commune,Estagel,66071,Estagel ,2.702446964,42.77458036
143,,Sant Vicenç,66071,Estagel ,2.702446964,42.77458036
885,,Bajanda,66072,Estavar ,2.008310361,42.47456663
886,,Callastre,66072,Estavar ,2.008310361,42.47456663
884,commune,Estavar,66072,Estavar ,2.008310361,42.47456663
887,,Palmanill,66072,Estavar ,2.008310361,42.47456663
610,commune,Estoher,66073,Estoher ,2.481766218,42.5726384
611,,Llech,66073,Estoher ,2.481766218,42.5726384
612,,Sant Joan de Seners,66073,Estoher ,2.481766218,42.5726384
614,,Cavalera,66074,Eus ,2.452587095,42.64914534
615,,Coma,66074,Eus ,2.452587095,42.64914534
616,,Costeirague,66074,Eus ,2.452587095,42.64914534
613,commune,Eus,66074,Eus ,2.452587095,42.64914534
617,,Interrius,66074,Eus ,2.452587095,42.64914534
618,,Planiols,66074,Eus ,2.452587095,42.64914534
619,,Stanyils,66074,Eus ,2.452587095,42.64914534
620,,Terrades,66074,Eus ,2.452587095,42.64914534
621,,Torrent,66074,Eus ,2.452587095,42.64914534
888,commune,Eyne,66075,Eyne ,2.10766098,42.45482059
1098,commune,Feilluns,66076,Felluns ,2.488611429,42.7564781
1099,commune,Fenouillet,66077,Fenouillet ,2.378986618,42.78417618
1101,,Sabardà,66077,Fenouillet ,2.378986618,42.78417618
1102,,Tullà,66077,Fenouillet ,2.378986618,42.78417618
623,,Coll de Milleres,66078,Fillols ,2.418470921,42.5611175
624,,Fangà,66078,Fillols ,2.418470921,42.5611175
622,commune,Fillols,66078,Fillols ,2.418470921,42.5611175
625,,Ligirà,66078,Fillols ,2.418470921,42.5611175
626,,Sant Pere,66078,Fillols ,2.418470921,42.5611175
628,,Casamals,66079,Finestret ,2.518055772,42.60540497
627,commune,Finestret,66079,Finestret ,2.518055772,42.60540497
629,,Marbet,66079,Finestret ,2.518055772,42.60540497
630,,Massà,66079,Finestret ,2.518055772,42.60540497
631,,Quers,66079,Finestret ,2.518055772,42.60540497
632,,Sahilla,66079,Finestret ,2.518055772,42.60540497
634,,Aigues,66080,Fontpédrouse ,2.18780848,42.47744908
633,commune,Fontpédrouse,66080,Fontpédrouse ,2.18780848,42.47744908
635,,Prats Balaguer,66080,Fontpédrouse ,2.18780848,42.47744908
636,,Sant Romà,66080,Fontpédrouse ,2.18780848,42.47744908
637,,Sant Tomàs,66080,Fontpédrouse ,2.18780848,42.47744908
849,,Esposolla,66081,Fontrabiouse ,2.057169671,42.63984638
848,commune,Fontrabiouse,66081,Fontrabiouse ,2.057169671,42.63984638
851,,Caselles,66082,Formiguères ,2.069204967,42.6264582
850,commune,Formiguères,66082,Formiguères ,2.069204967,42.6264582
852,,Vall de Galba,66082,Formiguères ,2.069204967,42.6264582
853,,Vilanova,66082,Formiguères ,2.069204967,42.6264582
1103,commune,Fosse,66083,Fosse ,2.433839,42.78632367
1104,,Les Cabanes,66083,Fosse ,2.433839,42.78632367
1105,,Perles,66083,Fosse ,2.433839,42.78632367
146,,Darrera el Castell,66084,Fourques ,2.779069281,42.58445043
144,commune,Fourques,66084,Fourques ,2.779069281,42.58445043
147,,La Montadella,66084,Fourques ,2.779069281,42.58445043
145,,Les Campanes,66084,Fourques ,2.779069281,42.58445043
148,,Reixach,66084,Fourques ,2.779069281,42.58445043
149,,Sant Miquel,66084,Fourques ,2.779069281,42.58445043
150,,Sant Sebastià,66084,Fourques ,2.779069281,42.58445043
151,,Sant Vicenç,66084,Fourques ,2.779069281,42.58445043
152,,Tàpies,66084,Fourques ,2.779069281,42.58445043
639,,Badabany,66085,Fuilla ,2.358547742,42.57103371
640,,Batipalma,66085,Fuilla ,2.358547742,42.57103371
642,,"Cassanet, ou Veinat del Mig",66085,Fuilla ,2.358547742,42.57103371
643,,"Cercet, ou Veinat d’Amunt",66085,Fuilla ,2.358547742,42.57103371
645,,Els Inferms,66085,Fuilla ,2.358547742,42.57103371
644,,Era,66085,Fuilla ,2.358547742,42.57103371
638,commune,Fuilla,66085,Fuilla ,2.358547742,42.57103371
641,,La Bulella,66085,Fuilla ,2.358547742,42.57103371
646,,Sant Pere de la Roca,66085,Fuilla ,2.358547742,42.57103371
648,,Arenyanes,66086,Glorianes ,2.549163252,42.59754245
649,,Foixà,66086,Glorianes ,2.549163252,42.59754245
647,commune,Glorianes,66086,Glorianes ,2.549163252,42.59754245
650,,Mas de l’Alsina,66086,Glorianes ,2.549163252,42.59754245
651,,Sofrunys,66086,Glorianes ,2.549163252,42.59754245
154,,Annes,66088,Ille-sur-Têt ,2.627646931,42.67148148
155,,Cases Noves,66088,Ille-sur-Têt ,2.627646931,42.67148148
153,commune,Ille-sur-Têt,66088,Ille-sur-Têt ,2.627646931,42.67148148
156,,Reglella,66088,Ille-sur-Têt ,2.627646931,42.67148148
158,,Sant Maurici de Greulera,66088,Ille-sur-Têt ,2.627646931,42.67148148
157,,Santa Maria del Remei,66088,Ille-sur-Têt ,2.627646931,42.67148148
159,,Talaçà,66088,Ille-sur-Têt ,2.627646931,42.67148148
652,commune,Joch,66089,Joch ,2.526950841,42.61574243
654,,Claranell,66090,Jujols ,2.284518182,42.58527136
653,commune,Jujols,66090,Jujols ,2.284518182,42.58527136
655,,Santa Coloma del Castelló,66090,Jujols ,2.284518182,42.58527136
430,commune,Lamanère,66091,Lamanère ,2.517253581,42.36189297
431,,Les Estanoses,66091,Lamanère ,2.517253581,42.36189297
432,,Mas de la Serra,66091,Lamanère ,2.517253581,42.36189297
433,,Pla del Boix,66091,Lamanère ,2.517253581,42.36189297
434,,Santa Cristina,66091,Lamanère ,2.517253581,42.36189297
1106,commune,Lansac,66092,Lansac ,2.566227353,42.76364088
247,,Alamanys,66093,Laroque-des-Albères ,2.934250707,42.52428343
246,commune,Laroque-des-Albères,66093,Laroque-des-Albères ,2.934250707,42.52428343
248,,Mas Montariol,66093,Laroque-des-Albères ,2.934250707,42.52428343
249,,Mas Sant Julià,66093,Laroque-des-Albères ,2.934250707,42.52428343
250,,Nostra Senyora de Tanyà,66093,Laroque-des-Albères ,2.934250707,42.52428343
251,,Sant Fructuós de Roca Vella,66093,Laroque-des-Albères ,2.934250707,42.52428343
320,commune,Latour-Bas-elne,66094,Latour-Bas-Elne ,3.005379167,42.60198306
321,,Martí,66094,Latour-Bas-Elne ,3.005379167,42.60198306
929,,Cedret i Llinars,66095,Latour-de-Carol ,1.879572479,42.47106314
930,,Iravals,66095,Latour-de-Carol ,1.879572479,42.47106314
928,commune,Latour-de-Carol,66095,Latour-de-Carol ,1.879572479,42.47106314
931,,Quers,66095,Latour-de-Carol ,1.879572479,42.47106314
932,,Riutès,66095,Latour-de-Carol ,1.879572479,42.47106314
933,,Salit,66095,Latour-de-Carol ,1.879572479,42.47106314
934,,Santa Eulària,66095,Latour-de-Carol ,1.879572479,42.47106314
1138,commune,Latour-de-France,66096,Latour-de-France ,2.654634405,42.77024726
1107,commune,Lesquerde,66097,Lesquerde ,2.540809195,42.79371494
657,,Els Cortals,66098,Llagonne (La),2.08006445,42.53642871
658,,Els Pujals,66098,Llagonne (La),2.08006445,42.53642871
656,commune,La Llagonne,66098,Llagonne (La),2.08006445,42.53642871
659,,La Quillana,66098,Llagonne (La),2.08006445,42.53642871
660,,Sant Valentí,66098,Llagonne (La),2.08006445,42.53642871
160,commune,Llauro,66099,Llauro ,2.748412248,42.54607891
893,commune,Llo,66100,Llo ,2.088396218,42.43547853
894,,Rohet,66100,Llo ,2.088396218,42.43547853
895,,Sant Feliu,66100,Llo ,2.088396218,42.43547853
896,,Torrents,66100,Llo ,2.088396218,42.43547853
161,commune,Llupia,66101,Llupia ,2.785784928,42.62462493
162,,Llupia,66101,Llupia ,2.785784928,42.62462493
163,,Sant Romà,66101,Llupia ,2.785784928,42.62462493
164,,Sant Salvador de Vilarmilà,66101,Llupia ,2.785784928,42.62462493
672,,Caret,66102,Mantet ,2.288255902,42.46007648
671,commune,Mantet,66102,Mantet ,2.288255902,42.46007648
661,commune,Marquixanes,66103,Marquixanes ,2.482913717,42.63718097
662,,Roc de Bara,66103,Marquixanes ,2.482913717,42.63718097
664,,Arboça,66104,Masos (Los),2.456038235,42.61453261
665,,Avellanet,66104,Masos (Los),2.456038235,42.61453261
666,,Favars,66104,Masos (Los),2.456038235,42.61453261
667,,Joncet,66104,Masos (Los),2.456038235,42.61453261
670,,La Sacristia,66104,Masos (Los),2.456038235,42.61453261
668,,Llonat,66104,Masos (Los),2.456038235,42.61453261
663,commune,Los Masos,66104,Masos (Los),2.456038235,42.61453261
669,,Nostra Senyora del Roure,66104,Masos (Los),2.456038235,42.61453261
855,,Conangles,66105,Matemale ,2.122633421,42.58947829
856,,Creu,66105,Matemale ,2.122633421,42.58947829
854,commune,Matemale,66105,Matemale ,2.122633421,42.58947829
427,,Comaleres,66106,Maureillas-las-Illas ,2.808581942,42.46629818
425,,La Selva i l’Arbre Gros,66106,Maureillas-las-Illas ,2.808581942,42.46629818
424,commune,Las Illas,66106,Maureillas-las-Illas ,2.808581942,42.46629818
426,commune,Maureillas,66106,Maureillas-las-Illas ,2.808581942,42.46629818
499,,Panissars,66106,Maureillas-las-Illas ,2.808581942,42.46629818
498,commune,Riunogues,66106,Maureillas-las-Illas ,2.808581942,42.46629818
428,,Sant Joan de Mauranells,66106,Maureillas-las-Illas ,2.808581942,42.46629818
429,,Sant Martí de Fenollar,66106,Maureillas-las-Illas ,2.808581942,42.46629818
1108,commune,Maury,66107,Maury ,2.631717928,42.80997667
1109,,Querbus,66107,Maury ,2.631717928,42.80997667
182,,Força Real,66108,Millas ,2.685002568,42.69690486
166,,Mas de la Garriga,66108,Millas ,2.685002568,42.69690486
165,commune,Millas,66108,Millas ,2.685002568,42.69690486
167,,Nostra Senyora de Força Real,66108,Millas ,2.685002568,42.69690486
168,,Nostra Senyora del Remei,66108,Millas ,2.685002568,42.69690486
169,,Sant Martí de la Riba,66108,Millas ,2.685002568,42.69690486
675,,Croells,66109,Molitg-les-Bains ,2.393712846,42.65598488
674,,Els Banys,66109,Molitg-les-Bains ,2.393712846,42.65598488
673,commune,Molitg-les-Bains,66109,Molitg-les-Bains ,2.393712846,42.65598488
1110,commune,Montalba-le-Château,66111,Montalba-le-Château ,2.552676465,42.69851212
171,,Caplou,66112,Montauriol ,2.724415952,42.57929056
172,,"Caratg, Caralp",66112,Montauriol ,2.724415952,42.57929056
170,commune,Montauriol,66112,Montauriol ,2.724415952,42.57929056
173,,Sant Amans,66112,Montauriol ,2.724415952,42.57929056
447,,Can Vilasseca,66113,Montbolo ,2.630069321,42.49053451
437,,Castell,66113,Montbolo ,2.630069321,42.49053451
438,,Cogullada,66113,Montbolo ,2.630069321,42.49053451
444,,"El Puig, mas del Puig",66113,Montbolo ,2.630069321,42.49053451
439,,Freixanet,66113,Montbolo ,2.630069321,42.49053451
440,,Garretoses,66113,Montbolo ,2.630069321,42.49053451
436,,La Basseda,66113,Montbolo ,2.630069321,42.49053451
446,,Les Vernedes,66113,Montbolo ,2.630069321,42.49053451
441,,Mas Noguer,66113,Montbolo ,2.630069321,42.49053451
442,,Massà,66113,Montbolo ,2.630069321,42.49053451
443,,Montargull,66113,Montbolo ,2.630069321,42.49053451
435,commune,Montbolo,66113,Montbolo ,2.630069321,42.49053451
445,,Robiró,66113,Montbolo ,2.630069321,42.49053451
175,,Avalri,66114,Montescot ,2.920771951,42.61496829
174,commune,Montescot,66114,Montescot ,2.920771951,42.61496829
176,,Vila Seca,66114,Montescot ,2.920771951,42.61496829
177,commune,Montesquieu-des-Albères,66115,Montesquieu-des-Albères ,2.871482585,42.51850517
178,,Nostra Senyora dels Agullons,66115,Montesquieu-des-Albères ,2.871482585,42.51850517
2,,Sant Cristau,66115,Montesquieu-des-Albères ,2.871482585,42.51850517
180,,Valarqueix,66115,Montesquieu-des-Albères ,2.871482585,42.51850517
452,,La Palma,66116,Montferrer ,2.577725426,42.44170011
449,,Madaloch d’Amunt,66116,Montferrer ,2.577725426,42.44170011
450,,Maures,66116,Montferrer ,2.577725426,42.44170011
451,,Monells,66116,Montferrer ,2.577725426,42.44170011
448,commune,Montferrer,66116,Montferrer ,2.577725426,42.44170011
453,,Sobraqués,66116,Montferrer ,2.577725426,42.44170011
676,commune,Mont-Louis,66117,Mont-Louis ,2.120481714,42.50996543
677,,Ovança,66117,Mont-Louis ,2.120481714,42.50996543
182,,Força Real,66118,Montner ,2.683040263,42.74268618
181,commune,Montner,66118,Montner ,2.683040263,42.74268618
681,,Breses,66119,Mosset ,2.304794579,42.66507636
682,,Canalilles,66119,Mosset ,2.304794579,42.66507636
684,,Comagelada,66119,Mosset ,2.304794579,42.66507636
685,,Corbiach,66119,Mosset ,2.304794579,42.66507636
686,,Corts,66119,Mosset ,2.304794579,42.66507636
687,,Coveset,66119,Mosset ,2.304794579,42.66507636
679,,Els Avellans,66119,Mosset ,2.304794579,42.66507636
688,,Falgueres,66119,Mosset ,2.304794579,42.66507636
689,,Jau,66119,Mosset ,2.304794579,42.66507636
680,,La Bastida de Mascardà,66119,Mosset ,2.304794579,42.66507636
683,,La Carola,66119,Mosset ,2.304794579,42.66507636
694,,La Rebolleda,66119,Mosset ,2.304794579,42.66507636
678,commune,Mosset,66119,Mosset ,2.304794579,42.66507636
690,,Peralada,66119,Mosset ,2.304794579,42.66507636
691,,Pujols,66119,Mosset ,2.304794579,42.66507636
692,,Queralt,66119,Mosset ,2.304794579,42.66507636
693,,Rodoles,66119,Mosset ,2.304794579,42.66507636
695,,Sant Julià,66119,Mosset ,2.304794579,42.66507636
696,,Vedrinyans,66119,Mosset ,2.304794579,42.66507636
897,commune,Nahuja,66120,Nahuja ,1.995173846,42.42604359
183,commune,Néfiach,66121,Néfiach ,2.657287262,42.69378202
699,,La Roca de Salimans,66122,Nohèdes ,2.263769681,42.62526979
698,,Montellà,66122,Nohèdes ,2.263769681,42.62526979
697,commune,Nohèdes,66122,Nohèdes ,2.263769681,42.62526979
702,,Eixalada,66123,Nyer ,2.27005463,42.50165523
701,,En,66123,Nyer ,2.27005463,42.50165523
704,,La Roca de Nyer,66123,Nyer ,2.27005463,42.50165523
700,commune,Nyer,66123,Nyer ,2.27005463,42.50165523
703,,Porcinyans,66123,Nyer ,2.27005463,42.50165523
891,,Bourg-Madame,66124,Font-Romeu-Odeillo-Via ,2.026673413,42.5108281
889,,Font-Romeu,66124,Font-Romeu-Odeillo-Via ,2.026673413,42.5108281
890,,La Calma,66124,Font-Romeu-Odeillo-Via ,2.026673413,42.5108281
898,commune,Odeillo,66124,Font-Romeu-Odeillo-Via ,2.026673413,42.5108281
899,,Vià,66124,Font-Romeu-Odeillo-Via ,2.026673413,42.5108281
707,,Èvol,66125,Olette ,2.252693796,42.58022766
706,,La Bastida d’Oleta,66125,Olette ,2.252693796,42.58022766
708,,La Poma,66125,Olette ,2.252693796,42.58022766
705,commune,Olette,66125,Olette ,2.252693796,42.58022766
709,,Tuhir d’Èvol,66125,Olette ,2.252693796,42.58022766
455,,Campells,66126,Oms ,2.714726438,42.52833025
456,,Can Massineta,66126,Oms ,2.714726438,42.52833025
184,commune,Oms,66126,Oms ,2.714726438,42.52833025
457,,Reyrós,66126,Oms ,2.714726438,42.52833025
185,commune,Opoul,66127,Opoul-Périllos ,2.834500472,42.88531491
186,,Perellós,66127,Opoul-Périllos ,2.834500472,42.88531491
187,,Valloriola,66127,Opoul-Périllos ,2.834500472,42.88531491
714,,Bordoll,66128,Oreilla ,2.224761,42.56864975
715,,Celrà,66128,Oreilla ,2.224761,42.56864975
716,,"Clariana, L’Escotó",66128,Oreilla ,2.224761,42.56864975
717,,Guixà,66128,Oreilla ,2.224761,42.56864975
718,,Maurli,66128,Oreilla ,2.224761,42.56864975
719,,Ocenyes,66128,Oreilla ,2.224761,42.56864975
713,commune,Oreilla,66128,Oreilla ,2.224761,42.56864975
720,,Turol,66128,Oreilla ,2.224761,42.56864975
189,,Criag,66129,Ortaffa ,2.916232642,42.58700689
188,commune,Ortaffa,66129,Ortaffa ,2.916232642,42.58700689
190,,Terrats,66129,Ortaffa ,2.916232642,42.58700689
900,commune,Osséja,66130,Osséja ,1.99412073,42.40308337
901,commune,Palau-de-Cerdagne,66132,Palau-de-Cerdagne ,1.980181268,42.38987007
192,,Batipalmes,66133,Palau-del-Vidre ,2.958156849,42.56696178
191,commune,Palau-del-Vidre,66133,Palau-del-Vidre ,2.958156849,42.56696178
193,,Santa Coloma d’Alemanys,66133,Palau-del-Vidre ,2.958156849,42.56696178
194,,Vilaclara,66133,Palau-del-Vidre ,2.958156849,42.56696178
198,,La Pedra Blanca,66134,Passa ,2.803740426,42.56171191
197,,Monestir del Camp,66134,Passa ,2.803740426,42.56171191
196,commune,Passa,66134,Passa ,2.803740426,42.56171191
199,,Sant Esteve de les Vinyes,66134,Passa ,2.803740426,42.56171191
200,,Sant Lluch,66134,Passa ,2.803740426,42.56171191
202,,Bajoles,66136,Perpignan ,2.89673391,42.70083282
214,,burg Erbi,66136,Perpignan ,2.89673391,42.70083282
203,,Castell — Rosselló,66136,Perpignan ,2.89673391,42.70083282
204,,Codines,66136,Perpignan ,2.89673391,42.70083282
219,,El Vernet,66136,Perpignan ,2.89673391,42.70083282
207,,Fontcoberta,66136,Perpignan ,2.89673391,42.70083282
208,,La Llavanera,66136,Perpignan ,2.89673391,42.70083282
205,,Les Comes,66136,Perpignan ,2.89673391,42.70083282
206,,Les Coves,66136,Perpignan ,2.89673391,42.70083282
209,,Malloles,66136,Perpignan ,2.89673391,42.70083282
210,,"Monianum, Monnos",66136,Perpignan ,2.89673391,42.70083282
211,,Orle,66136,Perpignan ,2.89673391,42.70083282
201,commune,Perpignan,66136,Perpignan ,2.89673391,42.70083282
212,,Puig Otrer,66136,Perpignan ,2.89673391,42.70083282
213,,Sant Assiscle,66136,Perpignan ,2.89673391,42.70083282
215,,Sant Genís de Tanyeres,66136,Perpignan ,2.89673391,42.70083282
216,,Santa Tecla,66136,Perpignan ,2.89673391,42.70083282
218,,Vallauria,66136,Perpignan ,2.89673391,42.70083282
221,,Bellaguarda,66137,Perthus (Le),2.861072816,42.46743515
220,commune,Le Perthus,66137,Perthus (Le),2.861072816,42.46743515
222,,Sant Pere de Laner,66137,Perthus (Le),2.861072816,42.46743515
195,commune,Peyrestortes,66138,Peyrestortes ,2.851159615,42.74711288
1111,commune,Pézilla-de-Conflent,66139,Pézilla-de-Conflent ,2.4926588,42.734856
223,commune,Pézilla-la-Rivière,66140,Pézilla-la-Rivière ,2.755496148,42.70731778
224,,Sant Sadurní,66140,Pézilla-la-Rivière ,2.755496148,42.70731778
226,,Ortolanes,66141,Pia ,2.912983187,42.74748945
225,commune,Pia,66141,Pia ,2.912983187,42.74748945
227,,Tàpia,66141,Pia ,2.912983187,42.74748945
727,commune,Planès,66142,Planès ,2.145977328,42.47246069
1112,commune,Planèzes,66143,Planèzes ,2.614583295,42.7720575
229,,Barrià,66144,Pollestres ,2.872287065,42.63814804
230,,Mas de la Garriga,66144,Pollestres ,2.872287065,42.63814804
228,commune,Pollestres,66144,Pollestres ,2.872287065,42.63814804
232,,Caraig,66145,Ponteilla ,2.832567619,42.63065016
233,,Nyils,66145,Ponteilla ,2.832567619,42.63065016
231,commune,Ponteilla,66145,Ponteilla ,2.832567619,42.63065016
234,,Sant Nicolau d’Aiguaviva,66145,Ponteilla ,2.832567619,42.63065016
903,,Camp Cardós,66146,Porta ,1.781099127,42.52595279
904,,Cortvassill,66146,Porta ,1.781099127,42.52595279
902,commune,Porta,66146,Porta ,1.781099127,42.52595279
905,,Querol,66146,Porta ,1.781099127,42.52595279
907,,Castell dels Moros,66147,Porté-Puymorens ,1.829310733,42.55259717
908,,Pimorent,66147,Porté-Puymorens ,1.829310733,42.55259717
906,commune,Porté,66147,Porté-Puymorens ,1.829310733,42.55259717
909,,Torre Cerdana,66147,Porté-Puymorens ,1.829310733,42.55259717
910,,Vall Llobera,66147,Porté-Puymorens ,1.829310733,42.55259717
237,,Cosprons,66148,Port-Vendres ,3.116972065,42.51055169
238,,Madaloch,66148,Port-Vendres ,3.116972065,42.51055169
235,commune,Port-Vendres,66148,Port-Vendres ,3.116972065,42.51055169
236,,Puig de Biarra,66148,Port-Vendres ,3.116972065,42.51055169
729,,Balaga,66149,Prades ,2.434293824,42.61785382
730,,Bohera,66149,Prades ,2.434293824,42.61785382
731,,Cabanes,66149,Prades ,2.434293824,42.61785382
732,,"Follonichs, Fonollichs, Fenollix",66149,Prades ,2.434293824,42.61785382
733,,Mata,66149,Prades ,2.434293824,42.61785382
734,,Perafita,66149,Prades ,2.434293824,42.61785382
728,commune,Prades,66149,Prades ,2.434293824,42.61785382
735,,Sant Martí de Canohà,66149,Prades ,2.434293824,42.61785382
460,,Avellanedell,66150,Prats-de-Mollo-la-Preste ,2.451654074,42.41095704
462,,Burgat,66150,Prats-de-Mollo-la-Preste ,2.451654074,42.41095704
463,,Cal Cabous,66150,Prats-de-Mollo-la-Preste ,2.451654074,42.41095704
465,,Coll d’Ares — Santa Margarida,66150,Prats-de-Mollo-la-Preste ,2.451654074,42.41095704
461,,El Boix,66150,Prats-de-Mollo-la-Preste ,2.451654074,42.41095704
464,,El Cendreu,66150,Prats-de-Mollo-la-Preste ,2.451654074,42.41095704
468,,El Maçanell,66150,Prats-de-Mollo-la-Preste ,2.451654074,42.41095704
466,,Gironella,66150,Prats-de-Mollo-la-Preste ,2.451654074,42.41095704
467,,La Guàrdia,66150,Prats-de-Mollo-la-Preste ,2.451654074,42.41095704
469,,La Masó,66150,Prats-de-Mollo-la-Preste ,2.451654074,42.41095704
474,,La Persigola,66150,Prats-de-Mollo-la-Preste ,2.451654074,42.41095704
475,,La Plana,66150,Prats-de-Mollo-la-Preste ,2.451654074,42.41095704
477,,La Presta,66150,Prats-de-Mollo-la-Preste ,2.451654074,42.41095704
480,,La Sala,66150,Prats-de-Mollo-la-Preste ,2.451654074,42.41095704
486,,La Torre de Mir,66150,Prats-de-Mollo-la-Preste ,2.451654074,42.41095704
479,,Les Queroses,66150,Prats-de-Mollo-la-Preste ,2.451654074,42.41095704
470,,Miralles,66150,Prats-de-Mollo-la-Preste ,2.451654074,42.41095704
471,,Nogardell et la Nogareda,66150,Prats-de-Mollo-la-Preste ,2.451654074,42.41095704
472,,Nostra Senyora del Coral,66150,Prats-de-Mollo-la-Preste ,2.451654074,42.41095704
473,,Perella,66150,Prats-de-Mollo-la-Preste ,2.451654074,42.41095704
476,,Plana Nera,66150,Prats-de-Mollo-la-Preste ,2.451654074,42.41095704
459,commune,Prats-de-Mollo-la-Preste,66150,Prats-de-Mollo-la-Preste ,2.451654074,42.41095704
478,,Puig Morella,66150,Prats-de-Mollo-la-Preste ,2.451654074,42.41095704
482,,Sant Salvador de les Planes,66150,Prats-de-Mollo-la-Preste ,2.451654074,42.41095704
481,,Santa Llúcia,66150,Prats-de-Mollo-la-Preste ,2.451654074,42.41095704
483,,Serra Vernet,66150,Prats-de-Mollo-la-Preste ,2.451654074,42.41095704
484,,Sous,66150,Prats-de-Mollo-la-Preste ,2.451654074,42.41095704
485,,Tellet,66150,Prats-de-Mollo-la-Preste ,2.451654074,42.41095704
487,,Vall del Canidell,66150,Prats-de-Mollo-la-Preste ,2.451654074,42.41095704
488,,Vallmanya,66150,Prats-de-Mollo-la-Preste ,2.451654074,42.41095704
489,,Vilaplana,66150,Prats-de-Mollo-la-Preste ,2.451654074,42.41095704
490,,Vilar Sec,66150,Prats-de-Mollo-la-Preste ,2.451654074,42.41095704
491,,Vinyes Planes,66150,Prats-de-Mollo-la-Preste ,2.451654074,42.41095704
1114,,Albas,66151,Prats-de-Sournia ,2.463031132,42.73609
1113,commune,Prats-de-Sournia,66151,Prats-de-Sournia ,2.463031132,42.73609
1115,commune,Prugnanes,66152,Prugnanes ,2.430291774,42.82064177
396,commune,Belpuig,66153,Prunet-et-Belpuig ,2.632357612,42.56926443
397,,Castanyers,66153,Prunet-et-Belpuig ,2.632357612,42.56926443
398,,Castellar,66153,Prunet-et-Belpuig ,2.632357612,42.56926443
399,,Croses,66153,Prunet-et-Belpuig ,2.632357612,42.56926443
240,,Domnolí,66153,Prunet-et-Belpuig ,2.632357612,42.56926443
400,,El Vilar,66153,Prunet-et-Belpuig ,2.632357612,42.56926443
239,commune,Prunet,66153,Prunet-et-Belpuig ,2.632357612,42.56926443
241,,Vallelles,66153,Prunet-et-Belpuig ,2.632357612,42.56926443
858,,Coll de les Ares,66154,Puyvalador ,2.114375231,42.65098972
857,commune,Puyvalador,66154,Puyvalador ,2.114375231,42.65098972
859,,Riutort,66154,Puyvalador ,2.114375231,42.65098972
726,,El Veïnat,66155,Py ,2.361636531,42.48078633
723,,La Plana,66155,Py ,2.361636531,42.48078633
722,,Les Fargues,66155,Py ,2.361636531,42.48078633
725,,Pla Rossell,66155,Py ,2.361636531,42.48078633
724,,"Planés, roc de Planés",66155,Py ,2.361636531,42.48078633
721,commune,Py,66155,Py ,2.361636531,42.48078633
1118,,Pla Llubi,66156,Rabouillet ,2.378821121,42.72489692
1116,commune,Rabouillet,66156,Rabouillet ,2.378821121,42.72489692
736,commune,Railleu,66157,Railleu ,2.16312,42.59040551
1119,commune,Rasiguères,66158,Rasiguères ,2.598849412,42.77283647
1120,,Tornafort,66158,Rasiguères ,2.598849412,42.77283647
861,,Anglars,66159,Réal ,2.142681789,42.64409695
862,,Carramat,66159,Réal ,2.142681789,42.64409695
863,,Odelló,66159,Réal ,2.142681789,42.64409695
860,commune,Réal,66159,Réal ,2.142681789,42.64409695
493,,"Asnar, Vilar d’Asnar",66160,Reynès ,2.704144541,42.48040155
494,,Bussach,66160,Reynès ,2.704144541,42.48040155
497,,El Vilar de Reyners,66160,Reynès ,2.704144541,42.48040155
495,,La Montanyola,66160,Reynès ,2.704144541,42.48040155
492,commune,Reynès,66160,Reynès ,2.704144541,42.48040155
496,,Sant Pau de Ceret,66160,Reynès ,2.704144541,42.48040155
738,,Cirach,66161,Ria-Sirach ,2.393909304,42.60784887
739,,Llúgols,66161,Ria-Sirach ,2.393909304,42.60784887
740,,Pla de Vall En So,66161,Ria-Sirach ,2.393909304,42.60784887
737,commune,Ria-Sirach,66161,Ria-Sirach ,2.393909304,42.60784887
741,commune,Rigarda,66162,Rigarda ,2.53773913,42.62924402
742,,Tarraçà,66162,Rigarda ,2.53773913,42.62924402
743,,Vallorrera,66162,Rigarda ,2.53773913,42.62924402
744,,Vilella,66162,Rigarda ,2.53773913,42.62924402
243,,Gardiola,66164,Rivesaltes ,2.873014262,42.76479041
244,,Nostra Senyora de la Garriga,66164,Rivesaltes ,2.873014262,42.76479041
242,commune,Rivesaltes,66164,Rivesaltes ,2.873014262,42.76479041
245,,Turà,66164,Rivesaltes ,2.873014262,42.76479041
747,,Canoetes,66165,Rodès ,2.552885297,42.65106847
748,,Coll de Terranera,66165,Rodès ,2.552885297,42.65106847
749,,Croses,66165,Rodès ,2.552885297,42.65106847
750,,Domanova,66165,Rodès ,2.552885297,42.65106847
746,,La Baur,66165,Rodès ,2.552885297,42.65106847
745,commune,Rodès,66165,Rodès ,2.552885297,42.65106847
751,,Ropidera,66165,Rodès ,2.552885297,42.65106847
752,,Sant Pere de Belloch,66165,Rodès ,2.552885297,42.65106847
754,,Vallells,66165,Rodès ,2.552885297,42.65106847
755,commune,Sahorre,66166,Sahorre ,2.359103592,42.52387311
756,,Toren,66166,Sahorre ,2.359103592,42.52387311
912,,Cases d’Ans,66167,Saillagouse ,2.041772517,42.45854184
913,,Croells,66167,Saillagouse ,2.041772517,42.45854184
915,,La Sponna,66167,Saillagouse ,2.041772517,42.45854184
914,,Ro,66167,Saillagouse ,2.041772517,42.45854184
911,commune,Saillagouse,66167,Saillagouse ,2.041772517,42.45854184
916,,Vedrinyans,66167,Saillagouse ,2.041772517,42.45854184
264,,Milanets,66168,Saint-André ,2.977345607,42.55295832
265,,Rapasag,66168,Saint-André ,2.977345607,42.55295832
263,commune,Saint-André,66168,Saint-André ,2.977345607,42.55295832
266,,Tatzó d’Amunt,66168,Saint-André ,2.977345607,42.55295832
1096,,Borrad,66169,Saint-Arnac ,2.534101778,42.77588
1097,,Derch,66169,Saint-Arnac ,2.534101778,42.77588
1095,commune,Saint-Arnac,66169,Saint-Arnac ,2.534101778,42.77588
260,commune,Sainte-Colombe-la-Commanderie,66170,Sainte-Colombe-de-la-Commanderie ,2.739751455,42.61573491
267,commune,Saint-Cyprien,66171,Saint-Cyprien ,3.0226535,42.61720762
268,,Sant Esteve de Vilarasa,66171,Saint-Cyprien ,3.0226535,42.61720762
269,commune,Saint-Estève,66172,Saint-Estève ,2.850937681,42.71328507
270,,Sant Mamet,66172,Saint-Estève ,2.850937681,42.71328507
271,,Torremilà,66172,Saint-Estève ,2.850937681,42.71328507
272,commune,Saint-Féliu-d'Amont,66173,Saint-Féliu-d'Amont ,2.717680286,42.67212186
273,commune,Saint-Féliu-d'Avall,66174,Saint-Féliu-d'Avall ,2.746857536,42.67127754
274,,Sant Martí de la Riba,66174,Saint-Féliu-d'Avall ,2.746857536,42.67127754
276,,Cabanes,66175,Saint-Génis-des-Fontaines ,2.9207005,42.55457717
277,,Les Garrigues,66175,Saint-Génis-des-Fontaines ,2.9207005,42.55457717
275,commune,Saint-Génis-des-Fontaines,66175,Saint-Génis-des-Fontaines ,2.9207005,42.55457717
278,,Sant Miquel,66175,Saint-Génis-des-Fontaines ,2.9207005,42.55457717
280,,Conills,66176,Saint-Hippolyte ,2.953837879,42.79369545
279,commune,Saint-Hippolyte,66176,Saint-Hippolyte ,2.953837879,42.79369545
281,,Vedeirà,66176,Saint-Hippolyte ,2.953837879,42.79369545
282,commune,Saint-Jean-Lasseille,66177,Saint-Jean-Lasseille ,2.86388386,42.58708561
501,,Bosqueros,66178,Saint-Jean-Pla-de-Corts ,2.795223373,42.52149265
502,,Castellet,66178,Saint-Jean-Pla-de-Corts ,2.795223373,42.52149265
503,,Olius,66178,Saint-Jean-Pla-de-Corts ,2.795223373,42.52149265
504,,Palau,66178,Saint-Jean-Pla-de-Corts ,2.795223373,42.52149265
500,commune,Saint-Jean-Pla-de-Corts,66178,Saint-Jean-Pla-de-Corts ,2.795223373,42.52149265
505,,Vilarsell,66178,Saint-Jean-Pla-de-Corts ,2.795223373,42.52149265
509,,Cremadells,66179,Saint-Laurent-de-Cerdans ,2.61914881,42.39768345
513,,El Terme i mas Noell,66179,Saint-Laurent-de-Cerdans ,2.61914881,42.39768345
508,,La Cabana,66179,Saint-Laurent-de-Cerdans ,2.61914881,42.39768345
510,,La Farga del Mig,66179,Saint-Laurent-de-Cerdans ,2.61914881,42.39768345
511,,Les Planes,66179,Saint-Laurent-de-Cerdans ,2.61914881,42.39768345
507,,Mas Boadella,66179,Saint-Laurent-de-Cerdans ,2.61914881,42.39768345
506,commune,Saint-Laurent-de-Cerdans,66179,Saint-Laurent-de-Cerdans ,2.61914881,42.39768345
512,,"Serra de Montnegre, mas Montner",66179,Saint-Laurent-de-Cerdans ,2.61914881,42.39768345
284,,Palasol,66180,Saint-Laurent-de-la-Salanque ,3.0100225,42.78297773
283,commune,Saint-Laurent-de-la-Salanque,66180,Saint-Laurent-de-la-Salanque ,3.0100225,42.78297773
918,,Concellabre,66181,Sainte-Léocadie ,2.005401471,42.43386794
919,,Llus,66181,Sainte-Léocadie ,2.005401471,42.43386794
920,,Palau,66181,Sainte-Léocadie ,2.005401471,42.43386794
917,commune,Sainte-Léocadie,66181,Sainte-Léocadie ,2.005401471,42.43386794
921,,Set,66181,Sainte-Léocadie ,2.005401471,42.43386794
922,,Vall Famelga,66181,Sainte-Léocadie ,2.005401471,42.43386794
923,,Vall Sadolla,66181,Sainte-Léocadie ,2.005401471,42.43386794
262,,Bigaranys,66182,Sainte-Marie ,3.024130417,42.72618406
261,commune,Sainte-Marie-la-Mer,66182,Sainte-Marie ,3.024130417,42.72618406
514,commune,Saint-Marsal,66183,Saint-Marsal ,2.622257174,42.5240583
1121,commune,Saint-Martin-de-Fenouillet,66184,Saint-Martin ,2.480318667,42.788604
1122,,Taichac,66184,Saint-Martin ,2.480318667,42.788604
286,,Montauriol,66185,Saint-Michel-de-Llotes ,2.626800099,42.64597238
285,commune,Saint-Michel-de-Llotes,66185,Saint-Michel-de-Llotes ,2.626800099,42.64597238
287,,Serrat d’en Jacques,66185,Saint-Michel-de-Llotes ,2.626800099,42.64597238
288,,Valltorta,66185,Saint-Michel-de-Llotes ,2.626800099,42.64597238
290,,Castellar,66186,Saint-Nazaire ,2.983134,42.66029523
291,,Muntà,66186,Saint-Nazaire ,2.983134,42.66029523
289,commune,Saint-Nazaire,66186,Saint-Nazaire ,2.983134,42.66029523
1124,,Besandu,66187,Saint-Paul-de-Fenouillet ,2.498745977,42.81729621
1125,,Capróno,66187,Saint-Paul-de-Fenouillet ,2.498745977,42.81729621
1126,,Galamus,66187,Saint-Paul-de-Fenouillet ,2.498745977,42.81729621
1128,,La Róco,66187,Saint-Paul-de-Fenouillet ,2.498745977,42.81729621
1127,,Peyralado,66187,Saint-Paul-de-Fenouillet ,2.498745977,42.81729621
1123,commune,Saint-Paul-de-Fenouillet,66187,Saint-Paul-de-Fenouillet ,2.498745977,42.81729621
763,,Pasquers del Cambre d’Ase,66188,Saint-Pierre-dels-Forcats ,2.123593,42.48356844
764,,Riufred,66188,Saint-Pierre-dels-Forcats ,2.123593,42.48356844
762,commune,Saint-Pierre-dels-Forcats,66188,Saint-Pierre-dels-Forcats ,2.123593,42.48356844
253,,Anglars,66189,Saleilles ,2.948868333,42.65871783
252,commune,Saleilles,66189,Saleilles ,2.948868333,42.65871783
255,,Castell Vell,66190,Salses-le-Château ,2.9033684,42.82312573
257,,Garrius,66190,Salses-le-Château ,2.9033684,42.82312573
256,,Les Fonts de Salses,66190,Salses-le-Château ,2.9033684,42.82312573
254,commune,Salses-le-Château,66190,Salses-le-Château ,2.9033684,42.82312573
258,,Santa Coloma,66190,Salses-le-Château ,2.9033684,42.82312573
259,,Vespella,66190,Salses-le-Château ,2.9033684,42.82312573
758,,El Castellar,66191,Sansa ,2.181222667,42.61500442
759,,La Guardiola,66191,Sansa ,2.181222667,42.61500442
760,,La Valleta,66191,Sansa ,2.181222667,42.61500442
757,commune,Sansa,66191,Sansa ,2.181222667,42.61500442
761,,Volpellach,66191,Sansa ,2.181222667,42.61500442
766,,Algio,66192,Sauto ,2.147010667,42.51265781
768,,Fetges,66192,Sauto ,2.147010667,42.51265781
769,,Figamà,66192,Sauto ,2.147010667,42.51265781
770,,Gaurat,66192,Sauto ,2.147010667,42.51265781
767,,La Cassanya,66192,Sauto ,2.147010667,42.51265781
765,commune,Sauto,66192,Sauto ,2.147010667,42.51265781
772,,"Campreste, Campestre",66193,Serdinya ,2.321637315,42.57383954
780,,El Solà,66193,Serdinya ,2.321637315,42.57383954
776,,Els Horts,66193,Serdinya ,2.321637315,42.57383954
781,,Els Talls,66193,Serdinya ,2.321637315,42.57383954
773,,Flaçà,66193,Serdinya ,2.321637315,42.57383954
774,,Fustanyà,66193,Serdinya ,2.321637315,42.57383954
777,,Joncet,66193,Serdinya ,2.321637315,42.57383954
775,,La Guàrdia,66193,Serdinya ,2.321637315,42.57383954
778,,Marinyans,66193,Serdinya ,2.321637315,42.57383954
779,,Mirles,66193,Serdinya ,2.321637315,42.57383954
771,commune,Serdinya,66193,Serdinya ,2.321637315,42.57383954
517,,Cabrenç,66194,Serralongue ,2.5614025,42.38110205
521,,El Gau,66194,Serralongue ,2.5614025,42.38110205
518,,Falgós,66194,Serralongue ,2.5614025,42.38110205
519,,Fornells,66194,Serralongue ,2.5614025,42.38110205
520,,Galdares,66194,Serralongue ,2.5614025,42.38110205
516,,L’Abadia,66194,Serralongue ,2.5614025,42.38110205
522,,Les Illes,66194,Serralongue ,2.5614025,42.38110205
515,commune,Serralongue,66194,Serralongue ,2.5614025,42.38110205
293,,Campillà,66195,Soler (Le),2.798975269,42.6787629
294,,Cases de Sant Pere,66195,Soler (Le),2.798975269,42.6787629
295,,L’Eula,66195,Soler (Le),2.798975269,42.6787629
292,commune,Le Soler,66195,Soler (Le),2.798975269,42.6787629
296,,Santa Eugènia,66195,Soler (Le),2.798975269,42.6787629
298,,Achindexi,66196,Sorède ,2.971213014,42.51567418
299,,Bego,66196,Sorède ,2.971213014,42.51567418
300,,Cabanill,66196,Sorède ,2.971213014,42.51567418
301,,Coberta,66196,Sorède ,2.971213014,42.51567418
305,,La Vall de Sant Martí,66196,Sorède ,2.971213014,42.51567418
302,,Montbran,66196,Sorède ,2.971213014,42.51567418
303,,Nostra Senyora del Castell,66196,Sorède ,2.971213014,42.51567418
304,,Novella,66196,Sorède ,2.971213014,42.51567418
306,,Santa Maria Magdalena de la Veda,66196,Sorède ,2.971213014,42.51567418
297,commune,Sorède,66196,Sorède ,2.971213014,42.51567418
783,,Maryans,66197,Souanyas ,2.279315357,42.54883512
784,,Molí del Pont Nou,66197,Souanyas ,2.279315357,42.54883512
785,,Sant Colgat,66197,Souanyas ,2.279315357,42.54883512
782,commune,Souanyas,66197,Souanyas ,2.279315357,42.54883512
1130,,Aichós,66198,Sournia ,2.410421481,42.71663437
1131,,Arsà,66198,Sournia ,2.410421481,42.71663437
1132,,Corbós,66198,Sournia ,2.410421481,42.71663437
1133,,Lo Puch,66198,Sournia ,2.410421481,42.71663437
1134,,Saichà,66198,Sournia ,2.410421481,42.71663437
1136,,Sant Miquel,66198,Sournia ,2.410421481,42.71663437
1135,,Santo Felicitat,66198,Sournia ,2.410421481,42.71663437
1129,commune,Sournia,66198,Sournia ,2.410421481,42.71663437
1137,,Tavernoles,66198,Sournia ,2.410421481,42.71663437
524,,Nogareda,66199,Taillet ,2.677142615,42.51644569
525,,Nostra Senyora del Roure,66199,Taillet ,2.677142615,42.51644569
523,commune,Taillet,66199,Taillet ,2.677142615,42.51644569
793,commune,Tarerach,66201,Tarerach ,2.515836842,42.67625561
925,,Pardinella,66202,Targassonne ,1.991084,42.500534
924,commune,Targasonne,66202,Targassonne ,1.991084,42.500534
926,,Torba,66202,Targassonne ,1.991084,42.500534
927,,Vilalta,66202,Targassonne ,1.991084,42.500534
539,,Croanques,66203,Taulis ,2.617320625,42.51461732
538,commune,Taulis,66203,Taulis ,2.617320625,42.51461732
795,,Berser,66204,Taurinya ,2.440104023,42.5593169
796,,Corts,66204,Taurinya ,2.440104023,42.5593169
797,,Llasseres,66204,Taurinya ,2.440104023,42.5593169
794,commune,Taurinya,66204,Taurinya ,2.440104023,42.5593169
308,,Alentó,66205,Tautavel ,2.712648065,42.81474103
309,,Les Fredes,66205,Tautavel ,2.712648065,42.81474103
311,,Les Santes Puelles,66205,Tautavel ,2.712648065,42.81474103
310,,Sant Martí,66205,Tautavel ,2.712648065,42.81474103
307,commune,Tautavel,66205,Tautavel ,2.712648065,42.81474103
312,,Torre del Far,66205,Tautavel ,2.712648065,42.81474103
527,,Benat,66206,Tech (Le),2.525773045,42.43134591
528,,Comalada,66206,Tech (Le),2.525773045,42.43134591
529,,Cos,66206,Tech (Le),2.525773045,42.43134591
536,,El Ventós,66206,Tech (Le),2.525773045,42.43134591
530,,La Llau,66206,Tech (Le),2.525773045,42.43134591
526,,Le Tech,66206,Tech (Le),2.525773045,42.43134591
534,,Les Sitges,66206,Tech (Le),2.525773045,42.43134591
531,,Manyaques,66206,Tech (Le),2.525773045,42.43134591
532,,Puig Rodon,66206,Tech (Le),2.525773045,42.43134591
533,,Sant Guillem de Combret,66206,Tech (Le),2.525773045,42.43134591
535,,Torre de Cos,66206,Tech (Le),2.525773045,42.43134591
537,,Vall Fornés,66206,Tech (Le),2.525773045,42.43134591
314,,Cagineixi,66207,Terrats ,2.761205447,42.60249545
313,commune,Terrats,66207,Terrats ,2.761205447,42.60249545
315,,Ventenach,66207,Terrats ,2.761205447,42.60249545
316,commune,Théza,66208,Théza ,2.947409672,42.63874361
799,,Albaret,66209,Thuès-Entre-Valls ,2.224734408,42.50257763
800,,Entrevalls,66209,Thuès-Entre-Valls ,2.224734408,42.50257763
802,,Les Torres,66209,Thuès-Entre-Valls ,2.224734408,42.50257763
801,,Querençà,66209,Thuès-Entre-Valls ,2.224734408,42.50257763
798,commune,Thuès-Entre-Valls,66209,Thuès-Entre-Valls ,2.224734408,42.50257763
340,,La Pietat,66210,Thuir ,2.759574537,42.64268519
338,,Laurà,66210,Thuir ,2.759574537,42.64268519
339,,Palaudà,66210,Thuir ,2.759574537,42.64268519
341,,Sant Sebastià,66210,Thuir ,2.759574537,42.64268519
337,commune,Thuir,66210,Thuir ,2.759574537,42.64268519
319,,Alcet,66211,Tordères ,2.761095426,42.56450845
318,commune,Tordères,66211,Tordères ,2.761095426,42.56450845
323,,Bignemal,66212,Torreilles ,3.0133256,42.75338267
324,,Juhegues,66212,Torreilles ,3.0133256,42.75338267
325,,Mudagons,66212,Torreilles ,3.0133256,42.75338267
327,,Sant Pere de Torrelles,66212,Torreilles ,3.0133256,42.75338267
326,,Santa Eugènia de Labejà,66212,Torreilles ,3.0133256,42.75338267
322,commune,Torreilles,66212,Torreilles ,3.0133256,42.75338267
317,commune,Toulouges,66213,Toulouges ,2.824364835,42.67322088
329,,Nidoleres,66214,Tresserre ,2.839398143,42.55629264
328,commune,Tresserre,66214,Tresserre ,2.839398143,42.55629264
1140,,Rocavert,66215,Trévillach ,2.508959786,42.71265914
1141,,Sequera,66215,Trévillach ,2.508959786,42.71265914
1139,commune,Trévillach,66215,Trévillach ,2.508959786,42.71265914
1142,commune,Trilla,66216,Trilla ,2.5186685,42.73837883
331,,Lanetell,66217,Trouillas ,2.822288889,42.60748481
332,,Lintexet,66217,Trouillas ,2.822288889,42.60748481
333,,Mas Déu,66217,Trouillas ,2.822288889,42.60748481
335,,Sant Salvador de Cirà,66217,Trouillas ,2.822288889,42.60748481
334,,Santa Eulària,66217,Trouillas ,2.822288889,42.60748481
336,,Taraccarias,66217,Trouillas ,2.822288889,42.60748481
330,commune,Trouillas,66217,Trouillas ,2.822288889,42.60748481
935,commune,Ur,66218,Ur ,1.935402813,42.46550031
711,,Marsach,66219,Urbanya ,2.30078197,42.64080136
712,,Martiach,66219,Urbanya ,2.30078197,42.64080136
710,commune,Urbanya,66219,Urbanya ,2.30078197,42.64080136
938,,Corbera,66220,Valcebollère ,2.045566207,42.3840169
939,,El Puig,66220,Valcebollère ,2.045566207,42.3840169
937,commune,Valcebollère,66220,Valcebollère ,2.045566207,42.3840169
810,,El Castell,66221,Valmanya ,2.518281208,42.52535161
809,commune,Valmanya,66221,Valmanya ,2.518281208,42.52535161
812,,"Algadet, Aiguadet",66222,Vernet-les-Bains ,2.408545763,42.54198136
813,,Els Banys,66222,Vernet-les-Bains ,2.408545763,42.54198136
814,,Sant Sadurní de Vilallonga,66222,Vernet-les-Bains ,2.408545763,42.54198136
815,,Sant Vicenç de Camplong,66222,Vernet-les-Bains ,2.408545763,42.54198136
811,commune,Vernet-les-Bains,66222,Vernet-les-Bains ,2.408545763,42.54198136
817,,Conomari,66223,Villefranche-de-Conflent ,2.365746203,42.59301759
818,,"Engorner, Vila vella",66223,Villefranche-de-Conflent ,2.365746203,42.59301759
819,,Sant Andreu de Belloch,66223,Villefranche-de-Conflent ,2.365746203,42.59301759
820,,Sant Esteve de Campelles,66223,Villefranche-de-Conflent ,2.365746203,42.59301759
821,,Torres de Badabany,66223,Villefranche-de-Conflent ,2.365746203,42.59301759
816,commune,Villefranche-de-Conflent,66223,Villefranche-de-Conflent ,2.365746203,42.59301759
343,,Sant Esteve del Pi,66224,Villelongue-de-la-Salanque ,2.9749275,42.72623821
342,commune,Villelongue-de-la-Salanque,66224,Villelongue-de-la-Salanque ,2.9749275,42.72623821
345,,Santa Maria del Vilar,66225,Villelongue-dels-Monts ,2.897283761,42.52725111
344,commune,Villelongue-dels-Monts,66225,Villelongue-dels-Monts ,2.897283761,42.52725111
347,,Sant Miquel de Candell,66226,Villemolaque ,2.851049924,42.59393618
346,commune,Villemolaque,66226,Villemolaque ,2.851049924,42.59393618
350,,La Vila Vella,66227,Villeneuve-de-la-Raho ,2.905008571,42.64416065
349,commune,Villeneuve-de-la-Raho,66227,Villeneuve-de-la-Raho ,2.905008571,42.64416065
348,commune,Villeneuve-la-Rivière,66228,Villeneuve-la-Rivière ,2.79728913,42.70388978
823,,Castelló,66230,Vinça ,2.521741293,42.64178638
824,,Conillach,66230,Vinça ,2.521741293,42.64178638
825,,Sahorla,66230,Vinça ,2.521741293,42.64178638
822,commune,Vinça,66230,Vinça ,2.521741293,42.64178638
352,,Jenegals,66231,Vingrau ,2.798518989,42.86485652
351,commune,Vingrau,66231,Vingrau ,2.798518989,42.86485652
1143,commune,Vira,66232,Vira ,2.391065424,42.76140288
540,commune,Vivès,66233,Vivès ,2.765315615,42.52999354
1144,commune,Le Vivier,66234,Vivier (Le),2.440784286,42.76295119