66001,REG_91,DEP_66,AR_66-1,CT_66-03,Albère,(L'),"(2.892474358974358, 42.47219884615384)",3008501,Q1093965,https://fr.wikipedia.org/wiki/L%27Alb%C3%A8re,ark:/12148/cb152709124,244769222,,2768132,
66002,REG_91,DEP_66,AR_66-2,CT_66-27,Alénya,"","(2.9804583823529414, 42.64296279411763)",6452463,Q450961,https://fr.wikipedia.org/wiki/Al%C3%A9nya,ark:/12148/cb15270913g,145320634,,271664,
66003,REG_91,DEP_66,AR_66-1,CT_66-02,Amélie-les-Bains-Palalda,"","(2.6777175225225243, 42.45061950450447)",6452464,Q7152,https://fr.wikipedia.org/wiki/Am%C3%A9lie-les-Bains-Palalda,ark:/12148/cb15270914t,150276327,18336091,22588,8508c2fb-f493-4a7a-b0e7-34a136529382
66004,REG_91,DEP_66,AR_66-3,CT_66-06,Angles,(Les),"(2.0224314220183484, 42.58152380733944)",6617389,Q1110114,https://fr.wikipedia.org/wiki/Les_Angles_(Pyr%C3%A9n%C3%A9es-Orientales),ark:/12148/cb152709155,,,53365,
66005,REG_91,DEP_66,AR_66-3,CT_66-13,Angoustrine-Villeneuve-des-Escaldes,"","(1.9662391869918707, 42.55276878048778)",6617390,Q736003,https://fr.wikipedia.org/wiki/Angoustrine-Villeneuve-des-Escaldes,ark:/12148/cb15270916h,,,2814313,
66006,REG_91,DEP_66,AR_66-2,CT_66-15,Ansignan,"","(2.523275365853659, 42.76194073170731)",3037486,Q569872,https://fr.wikipedia.org/wiki/Ansignan,ark:/12148/cb15270917v,,,21627,
66007,REG_91,DEP_66,AR_66-3,CT_66-16,Arboussols,"","(2.50684972972973, 42.66147824324324)",6452466,Q199851,https://fr.wikipedia.org/wiki/Arboussols,ark:/12148/cb152709186,,,2817026,
66008,REG_91,DEP_66,AR_66-1,CT_66-01,Argelès-sur-Mer,"","(3.0304702666666663, 42.52303220000002)",6614579,Q644728,https://fr.wikipedia.org/wiki/Argel%C3%A8s-sur-Mer,ark:/12148/cb15270919j,144706390,131490859,18416,4c7f3335-429e-4734-94d3-3c23edaae59e
66009,REG_91,DEP_66,AR_66-1,CT_66-02,Arles-sur-Tech,"","(2.618613666666666, 42.455301533333326)",3036935,Q7897,https://fr.wikipedia.org/wiki/Arles-sur-Tech,ark:/12148/cb15270920r,158349357,,2924277,
66010,REG_91,DEP_66,AR_66-3,CT_66-07,Ayguatébia-Talau,"","(2.1929800877192993, 42.55694618421051)",3035578,Q1093162,https://fr.wikipedia.org/wiki/Ayguat%C3%A9bia-Talau,ark:/12148/cb152709213,,,2912344,
66011,REG_91,DEP_66,AR_66-2,CT_66-28,Bages,"","(2.8869558928571424, 42.603984642857135)",6617392,Q955962,https://fr.wikipedia.org/wiki/Bages_(Pyr%C3%A9n%C3%A9es-Orientales),ark:/12148/cb15270922f,244285715,,273498,
66012,REG_91,DEP_66,AR_66-2,CT_66-30,Baho,"","(2.8229820512820516, 42.70380435897437)",6450500,Q1059798,https://fr.wikipedia.org/wiki/Baho,ark:/12148/cb15270923s,,,18478,
66013,REG_91,DEP_66,AR_66-3,CT_66-18,Baillestavy,"","(2.5218606666666665, 42.5669545)",3035363,Q1047022,https://fr.wikipedia.org/wiki/Baillestavy,ark:/12148/cb152709244,,,2868083,
66014,REG_91,DEP_66,AR_66-2,CT_66-30,Baixas,"","(2.805914871794872, 42.74803128205129)",3035295,Q1093092,https://fr.wikipedia.org/wiki/Baixas,ark:/12148/cb15270925g,240579475,,18479,
66015,REG_91,DEP_66,AR_66-1,CT_66-03,Banyuls-dels-Aspres,"","(2.8598045370370366, 42.56756787037037)",6450503,Q1072010,https://fr.wikipedia.org/wiki/Banyuls-dels-Aspres,ark:/12148/cb15270926t,,,23234,
66016,REG_91,DEP_66,AR_66-1,CT_66-19,Banyuls-sur-Mer,"","(3.122209844559586, 42.470712720207295)",6618454,Q6753,https://fr.wikipedia.org/wiki/Banyuls-sur-Mer,ark:/12148/cb152709275,135399868,18334950,18391,
66017,REG_91,DEP_66,AR_66-2,CT_66-14,Barcarès,(Le),"(3.0316880952380956, 42.795085595238106)",6457017,Q689457,https://fr.wikipedia.org/wiki/Le_Barcar%C3%A8s,ark:/12148/cb15270928h,243843859,,18363,
66018,REG_91,DEP_66,AR_66-1,CT_66-02,Bastide,(La),"(2.5771707633587773, 42.53650793893132)",6614675,Q673917,https://fr.wikipedia.org/wiki/La_Bastide_(Pyr%C3%A9n%C3%A9es-Orientales),ark:/12148/cb15270929v,,,2919091,
66019,REG_91,DEP_66,AR_66-2,CT_66-04,Bélesta,"","(2.635551831683167, 42.72706851485149)",6450504,Q1110211,https://fr.wikipedia.org/wiki/B%C3%A9lesta_(Pyr%C3%A9n%C3%A9es-Orientales),ark:/12148/cb152709302,234318557,,1239462,
66020,REG_91,DEP_66,AR_66-3,CT_66-06,Bolquère,"","(2.0719211057692295, 42.51942427884615)",3031859,Q1101891,https://fr.wikipedia.org/wiki/Bolqu%C3%A8re,ark:/12148/cb15270931d,,,1966208,
66021,REG_91,DEP_66,AR_66-2,CT_66-24,Bompas,"","(2.944541341463416, 42.73013146341463)",6450506,Q1071937,https://fr.wikipedia.org/wiki/Bompas_(Pyr%C3%A9n%C3%A9es-Orientales),ark:/12148/cb15270932r,,,18352,
66022,REG_91,DEP_66,AR_66-3,CT_66-18,Boule-d'Amont,"","(2.595511320754717, 42.591834905660384)",3031174,Q198134,https://fr.wikipedia.org/wiki/Boule-d%27Amont,ark:/12148/cb152709333,240582062,,1919150,
66023,REG_91,DEP_66,AR_66-3,CT_66-18,Bouleternère,"","(2.5837438888888893, 42.645766666666674)",3031169,Q189957,https://fr.wikipedia.org/wiki/Bouletern%C3%A8re,ark:/12148/cb15270934f,,,1919385,
66024,REG_91,DEP_66,AR_66-1,CT_66-03,Boulou,(Le),"(2.8348043999999994, 42.525280266666684)",6614557,Q8672,https://fr.wikipedia.org/wiki/Le_Boulou,ark:/12148/cb15270935s,,,18476,
66025,REG_91,DEP_66,AR_66-3,CT_66-13,Bourg-Madame,"","(1.9661237096774193, 42.43513822580643)",6615247,Q329276,https://fr.wikipedia.org/wiki/Bourg-Madame,ark:/12148/cb152709364,234771248,,1820709,
66026,REG_91,DEP_66,AR_66-2,CT_66-17,Brouilla,"","(2.8919889090909088, 42.58105863636364)",6450509,Q199840,https://fr.wikipedia.org/wiki/Brouilla,ark:/12148/cb15270937g,,,23237,
66027,REG_91,DEP_66,AR_66-3,CT_66-06,Cabanasse,(La),"(2.1128774545454543, 42.50510218181818)",6457018,Q190144,https://fr.wikipedia.org/wiki/La_Cabanasse,ark:/12148/cb15270938t,148389475,,2853759,
66028,REG_91,DEP_66,AR_66-2,CT_66-20,Cabestany,"","(2.9429313580246896, 42.676368888888895)",3029302,Q8970,https://fr.wikipedia.org/wiki/Cabestany,ark:/12148/cb152709395,157119619,,18328,
66029,REG_91,DEP_66,AR_66-2,CT_66-17,Caixas,"","(2.6572868864468844, 42.60336974358975)",6450511,Q1071950,https://fr.wikipedia.org/wiki/Caixas,ark:/12148/cb15270940c,,,24858,
66030,REG_91,DEP_66,AR_66-2,CT_66-30,Calce,"","(2.7527739583333335, 42.744948333333326)",3029144,Q530366,https://fr.wikipedia.org/wiki/Calce,ark:/12148/cb15270941q,,,1798944,
66032,REG_91,DEP_66,AR_66-1,CT_66-03,Calmeilles,"","(2.668856363636363, 42.5481180909091)",6450513,Q7963,https://fr.wikipedia.org/wiki/Calmeilles,ark:/12148/cb15270943d,,,27529,
66033,REG_91,DEP_66,AR_66-2,CT_66-17,Camélas,"","(2.6895988489208635, 42.63871568345324)",6450514,Q188282,https://fr.wikipedia.org/wiki/Cam%C3%A9las,ark:/12148/cb15270944r,,,24940,
66034,REG_91,DEP_66,AR_66-3,CT_66-10,Campôme,"","(2.3888921428571415, 42.64857650793651)",6450515,Q735024,https://fr.wikipedia.org/wiki/Camp%C3%B4me,ark:/12148/cb152709453,,,2820851,
66035,REG_91,DEP_66,AR_66-3,CT_66-16,Campoussy,"","(2.457153116883117, 42.70005610389612)",3028916,Q190098,https://fr.wikipedia.org/wiki/Campoussy,ark:/12148/cb15270946f,,,2818795,
66036,REG_91,DEP_66,AR_66-3,CT_66-07,Canaveilles,"","(2.224500485436894, 42.53320524271844)",6450517,Q603348,https://fr.wikipedia.org/wiki/Canaveilles,ark:/12148/cb15270947s,,,2913416,
66037,REG_91,DEP_66,AR_66-2,CT_66-31,Canet-en-Roussillon,"","(3.013608866666667, 42.68650753333333)",6614492,Q380514,https://fr.wikipedia.org/wiki/Canet-en-Roussillon,ark:/12148/cb152709484,245811728,,18350,
66038,REG_91,DEP_66,AR_66-2,CT_66-29,Canohès,"","(2.835643243243244, 42.650918378378364)",3028797,Q598624,https://fr.wikipedia.org/wiki/Canoh%C3%A8s,ark:/12148/cb15270949g,,,18316,
66039,REG_91,DEP_66,AR_66-2,CT_66-04,Caramany,"","(2.5628217999999983, 42.73387670000002)",3028672,Q379058,https://fr.wikipedia.org/wiki/Caramany,ark:/12148/cb15270950p,,,21638,1795fc38-6a42-40b7-a130-8bf51aafc73b
66040,REG_91,DEP_66,AR_66-3,CT_66-18,Casefabre,"","(2.6152531531531533, 42.61738747747748)",6450520,Q1071996,https://fr.wikipedia.org/wiki/Casefabre,ark:/12148/cb152709511,,,1918812,
66041,REG_91,DEP_66,AR_66-2,CT_66-12,Cases-de-Pène,"","(2.785336718750001, 42.782887187500016)",6450521,Q1093042,https://fr.wikipedia.org/wiki/Cases-de-P%C3%A8ne,ark:/12148/cb15270952c,155613142,,34167,
66042,REG_91,DEP_66,AR_66-2,CT_66-04,Cassagnes,"","(2.626362207792208, 42.74105350649348)",6450522,Q1093110,https://fr.wikipedia.org/wiki/Cassagnes_(Pyr%C3%A9n%C3%A9es-Orientales),ark:/12148/cb15270953q,,,1239463,
66043,REG_91,DEP_66,AR_66-3,CT_66-10,Casteil,"","(2.416623372093023, 42.501632209302315)",3028400,Q199756,https://fr.wikipedia.org/wiki/Casteil,ark:/12148/cb152709542,236112200,,2913877,
66044,REG_91,DEP_66,AR_66-2,CT_66-17,Castelnou,"","(2.7086340499999983, 42.613094849999996)",6450524,Q191094,https://fr.wikipedia.org/wiki/Castelnou,ark:/12148/cb15270955d,,,24457,
66045,REG_91,DEP_66,AR_66-3,CT_66-10,Catllar,"","(2.426973793103449, 42.63752459770116)",6450525,Q197689,https://fr.wikipedia.org/wiki/Catllar,ark:/12148/cb15270956r,,,2820610,
66046,REG_91,DEP_66,AR_66-2,CT_66-15,Caudiès-de-Fenouillèdes,"","(2.3814726956521737, 42.81735469565217)",6450526,Q671031,https://fr.wikipedia.org/wiki/Caudi%C3%A8s-de-Fenouill%C3%A8des,ark:/12148/cb152709573,,,22319,
66047,REG_91,DEP_66,AR_66-3,CT_66-06,Caudiès-de-Conflent,"","(2.144206610169492, 42.559606779661)",6617393,Q190045,https://fr.wikipedia.org/wiki/Caudi%C3%A8s-de-Conflent,ark:/12148/cb15270958f,,,2912304,
66048,REG_91,DEP_66,AR_66-1,CT_66-19,Cerbère,"","(3.1598214919354843, 42.44669008064518)",6618453,Q6667,https://fr.wikipedia.org/wiki/Cerb%C3%A8re_(Pyr%C3%A9n%C3%A9es-Orientales),ark:/12148/cb15270959s,247849496,166485454,18375,
66049,REG_91,DEP_66,AR_66-1,CT_66-03,Céret,"","(2.745402889908259, 42.48338720183486)",3027888,Q6643,https://fr.wikipedia.org/wiki/C%C3%A9ret,ark:/12148/cb152709600,125850092,,23266,6905004f-a1fb-4384-a175-1dc24559aa20
66050,REG_91,DEP_66,AR_66-2,CT_66-14,Claira,"","(2.945932659574468, 42.75824978723404)",3024817,Q199773,https://fr.wikipedia.org/wiki/Claira,ark:/12148/cb15270961b,140870707,,1382208,
66051,REG_91,DEP_66,AR_66-3,CT_66-10,Clara,"","(2.4522779487179487, 42.59381358974359)",6450528,Q199744,https://fr.wikipedia.org/wiki/Clara-Villerach,ark:/12148/cb15270962p,,,2864868,
66052,REG_91,DEP_66,AR_66-3,CT_66-10,Codalet,"","(2.4130898684210527, 42.60222473684212)",6450529,Q1110132,https://fr.wikipedia.org/wiki/Codalet,ark:/12148/cb152709631,238479631,,409332,
66053,REG_91,DEP_66,AR_66-1,CT_66-19,Collioure,"","(3.077711048387098, 42.51758048387096)",3024314,Q254829,https://fr.wikipedia.org/wiki/Collioure,ark:/12148/cb15270964c,237338613,18373480,18409,26977928-eea2-4016-99ce-838417e42658
66054,REG_91,DEP_66,AR_66-3,CT_66-10,Conat,"","(2.3401520000000007, 42.61836785714285)",6450530,Q1093149,https://fr.wikipedia.org/wiki/Conat,ark:/12148/cb15270965q,122686049,,2828302,
66055,REG_91,DEP_66,AR_66-2,CT_66-05,Corbère,"","(2.6624340217391294, 42.65264163043478)",6455222,Q338840,https://fr.wikipedia.org/wiki/Corb%C3%A8re,ark:/12148/cb152709662,,,1918726,
66056,REG_91,DEP_66,AR_66-2,CT_66-05,Corbère-les-Cabanes,"","(2.680497857142856, 42.659951428571425)",6450531,Q1110124,https://fr.wikipedia.org/wiki/Corb%C3%A8re-les-Cabanes,ark:/12148/cb15270967d,,,1918699,
66057,REG_91,DEP_66,AR_66-3,CT_66-10,Corneilla-de-Conflent,"","(2.383345641025642, 42.58046974358975)",6450532,Q198509,https://fr.wikipedia.org/wiki/Corneilla-de-Conflent,ark:/12148/cb15270968r,312662038,,2862710,
66058,REG_91,DEP_66,AR_66-2,CT_66-05,Corneilla-la-Rivière,"","(2.7318821296296276, 42.70864416666667)",6450533,Q197709,https://fr.wikipedia.org/wiki/Corneilla-la-Rivi%C3%A8re,ark:/12148/cb152709693,233912601,,1664392,
66059,REG_91,DEP_66,AR_66-2,CT_66-28,Corneilla-del-Vercol,"","(2.953670172413794, 42.62385293103446)",6450534,Q191063,https://fr.wikipedia.org/wiki/Corneilla-del-Vercol,ark:/12148/cb152709709,,,271429,
66060,REG_91,DEP_66,AR_66-1,CT_66-02,Corsavy,"","(2.559599912280701, 42.480304824561415)",6450535,Q7154,https://fr.wikipedia.org/wiki/Corsavy,ark:/12148/cb15270971n,242775546,,2918996,
66061,REG_91,DEP_66,AR_66-1,CT_66-11,Coustouges,"","(2.629385675675677, 42.359052918918934)",6614512,Q6660,https://fr.wikipedia.org/wiki/Coustouges,ark:/12148/cb152709720,,,2924446,
66062,REG_91,DEP_66,AR_66-3,CT_66-13,Dorres,"","(1.9339379389312974, 42.50452595419848)",3021015,Q1093077,https://fr.wikipedia.org/wiki/Dorres,ark:/12148/cb15270973b,233925578,,2814309,
66063,REG_91,DEP_66,AR_66-1,CT_66-03,Cluses,(Les),"(2.845855227272727, 42.48290965909089)",6617394,Q730422,https://fr.wikipedia.org/wiki/Les_Cluses,ark:/12148/cb15270974p,,,2768133,
66064,REG_91,DEP_66,AR_66-3,CT_66-13,Égat,"","(2.0166641176470588, 42.50060852941175)",6450537,Q1163187,https://fr.wikipedia.org/wiki/%C3%89gat,ark:/12148/cb152709751,131081666,,54461,
66065,REG_91,DEP_66,AR_66-2,CT_66-28,Elne,"","(2.971938428571428, 42.605214571428576)",3020281,Q23073,https://fr.wikipedia.org/wiki/Elne,ark:/12148/cb15270976c,235554630,167968095,18417,fbc4e822-daa1-42a8-92c9-a6502af76505
66066,REG_91,DEP_66,AR_66-3,CT_66-13,Enveitg,"","(1.896899705882354, 42.4834834117647)",6450538,Q752263,https://fr.wikipedia.org/wiki/Enveitg,ark:/12148/cb15270977q,237474490,,74308,
66067,REG_91,DEP_66,AR_66-3,CT_66-13,Err,"","(2.061701319444446, 42.41401319444446)",6450539,Q1369252,https://fr.wikipedia.org/wiki/Err_(Pyr%C3%A9n%C3%A9es-Orientales),ark:/12148/cb152709782,,,123160,
66068,REG_91,DEP_66,AR_66-3,CT_66-07,Escaro,"","(2.312079250000001, 42.540010374999994)",6450540,Q578495,https://fr.wikipedia.org/wiki/Escaro,ark:/12148/cb15270979d,,,2913461,
66069,REG_91,DEP_66,AR_66-2,CT_66-12,Espira-de-l'Agly,"","(2.8166123255813957, 42.789432209302326)",6450541,Q1110218,https://fr.wikipedia.org/wiki/Espira-de-l%27Agly,ark:/12148/cb15270980m,243840937,,23763,
66070,REG_91,DEP_66,AR_66-3,CT_66-18,Espira-de-Conflent,"","(2.4951147435897427, 42.620363974358966)",6450542,Q190160,https://fr.wikipedia.org/wiki/Espira-de-Conflent,ark:/12148/cb15270981z,,,2862615,
66071,REG_91,DEP_66,AR_66-2,CT_66-04,Estagel,"","(2.702446964285714, 42.77458035714286)",6450543,Q669539,https://fr.wikipedia.org/wiki/Estagel,ark:/12148/cb152709829,244324023,,1920758,
66072,REG_91,DEP_66,AR_66-3,CT_66-13,Estavar,"","(2.008310361445783, 42.474566626506025)",6613078,Q190407,https://fr.wikipedia.org/wiki/Estavar,ark:/12148/cb15270983n,,,51547,66bf3a43-4baf-462e-bae9-060d856b65a1
66073,REG_91,DEP_66,AR_66-3,CT_66-18,Estoher,"","(2.4817662184873948, 42.57263840336136)",6450545,Q199805,https://fr.wikipedia.org/wiki/Estoher,ark:/12148/cb152709840,,,2865282,
66074,REG_91,DEP_66,AR_66-3,CT_66-10,Eus,"","(2.4525870945945942, 42.64914533783786)",6450546,Q919415,https://fr.wikipedia.org/wiki/Eus,ark:/12148/cb15270985b,,,2820388,
66075,REG_91,DEP_66,AR_66-3,CT_66-13,Eyne,"","(2.1076609803921564, 42.45482058823529)",6450547,Q290830,https://fr.wikipedia.org/wiki/Eyne,ark:/12148/cb15270986p,,,409749,
66076,REG_91,DEP_66,AR_66-3,CT_66-16,Felluns,"","(2.4886114285714287, 42.75647809523808)",6450548,Q1445576,https://fr.wikipedia.org/wiki/Felluns,ark:/12148/cb152709871,,,2816521,
66077,REG_91,DEP_66,AR_66-2,CT_66-15,Fenouillet,"","(2.3789866176470587, 42.78417617647059)",6455223,Q747561,https://fr.wikipedia.org/wiki/Fenouillet_(Pyr%C3%A9n%C3%A9es-Orientales),ark:/12148/cb15270988c,,,22323,
66078,REG_91,DEP_66,AR_66-3,CT_66-10,Fillols,"","(2.418470921052631, 42.56111750000001)",6450549,Q1369389,https://fr.wikipedia.org/wiki/Fillols,ark:/12148/cb15270989q,,,2862762,
66079,REG_91,DEP_66,AR_66-3,CT_66-18,Finestret,"","(2.51805577181208, 42.605404966442975)",6450550,Q727456,https://fr.wikipedia.org/wiki/Finestret,ark:/12148/cb15270990x,,,2858774,
66080,REG_91,DEP_66,AR_66-3,CT_66-06,Fontpédrouse,"","(2.187808479999999, 42.47744908000002)",6450551,Q1093130,https://fr.wikipedia.org/wiki/Fontp%C3%A9drouse,ark:/12148/cb152709918,235200927,,2854137,
66081,REG_91,DEP_66,AR_66-3,CT_66-06,Fontrabiouse,"","(2.0571696713615024, 42.63984638497653)",6450552,Q1071929,https://fr.wikipedia.org/wiki/Fontrabiouse,ark:/12148/cb15270992m,,,2814982,
66082,REG_91,DEP_66,AR_66-3,CT_66-06,Formiguères,"","(2.069204967320262, 42.626458202614394)",6450553,Q1094347,https://fr.wikipedia.org/wiki/Formigu%C3%A8res,ark:/12148/cb15270993z,,,2815058,
66083,REG_91,DEP_66,AR_66-2,CT_66-15,Fosse,"","(2.4338390000000003, 42.786323666666675)",6450554,Q938751,https://fr.wikipedia.org/wiki/Fosse_(Pyr%C3%A9n%C3%A9es-Orientales),ark:/12148/cb152709949,,,22367,
66084,REG_91,DEP_66,AR_66-2,CT_66-17,Fourques,"","(2.7790692805755404, 42.584450431654666)",6613640,Q1093067,https://fr.wikipedia.org/wiki/Fourques_(Pyr%C3%A9n%C3%A9es-Orientales),ark:/12148/cb15270995n,,,23804,
66085,REG_91,DEP_66,AR_66-3,CT_66-10,Fuilla,"","(2.3585477419354834, 42.57103370967743)",6450555,Q379442,https://fr.wikipedia.org/wiki/Fuilla,ark:/12148/cb152709960,,,2875472,
66086,REG_91,DEP_66,AR_66-3,CT_66-18,Glorianes,"","(2.549163251533741, 42.597542453987714)",6450556,Q597816,https://fr.wikipedia.org/wiki/Glorianes,ark:/12148/cb15270997b,,,2862650,
66088,REG_91,DEP_66,AR_66-3,CT_66-18,Ille-sur-Têt,"","(2.6276469312169315, 42.67148148148149)",6450557,Q689461,https://fr.wikipedia.org/wiki/Ille-sur-T%C3%AAt,ark:/12148/cb152709991,153674129,,20339,
66089,REG_91,DEP_66,AR_66-3,CT_66-18,Joch,"","(2.526950841121496, 42.61574242990655)",6450558,Q752284,https://fr.wikipedia.org/wiki/Joch,ark:/12148/cb15271000w,,,2858743,
66090,REG_91,DEP_66,AR_66-3,CT_66-07,Jujols,"","(2.284518181818182, 42.585271363636366)",6618452,Q1377402,https://fr.wikipedia.org/wiki/Jujols,ark:/12148/cb152710017,,,2897517,
66091,REG_91,DEP_66,AR_66-1,CT_66-11,Lamanère,"","(2.51725358108108, 42.361892972972974)",3008311,Q1369192,https://fr.wikipedia.org/wiki/Laman%C3%A8re,ark:/12148/cb15271002k,,,2926262,
66092,REG_91,DEP_66,AR_66-2,CT_66-04,Lansac,"","(2.5662273529411763, 42.763640882352945)",6450560,Q190130,https://fr.wikipedia.org/wiki/Lansac_(Pyr%C3%A9n%C3%A9es-Orientales),ark:/12148/cb15271003x,,,22224,
66093,REG_91,DEP_66,AR_66-1,CT_66-01,Laroque-des-Albères,"","(2.9342507070707073, 42.524283434343445)",3006701,Q8895,https://fr.wikipedia.org/wiki/Laroque-des-Alb%C3%A8res,ark:/12148/cb152710048,,,18475,
66094,REG_91,DEP_66,AR_66-2,CT_66-27,Latour-Bas-Elne,"","(3.005379166666666, 42.60198305555556)",6450561,Q1369338,https://fr.wikipedia.org/wiki/Latour-Bas-Elne,ark:/12148/cb15271005m,,,272157,
66095,REG_91,DEP_66,AR_66-3,CT_66-13,Latour-de-Carol,"","(1.8795724793388426, 42.471063140495865)",6450562,Q1114031,https://fr.wikipedia.org/wiki/Latour-de-Carol,ark:/12148/cb15271006z,130883474,,392022,
66096,REG_91,DEP_66,AR_66-2,CT_66-04,Latour-de-France,"","(2.654634404761905, 42.77024726190476)",6450563,Q752258,https://fr.wikipedia.org/wiki/Latour-de-France,ark:/12148/cb152710079,243891394,,22157,
66097,REG_91,DEP_66,AR_66-2,CT_66-15,Lesquerde,"","(2.540809195402298, 42.79371494252874)",6450564,Q1369371,https://fr.wikipedia.org/wiki/Lesquerde,ark:/12148/cb15271008n,,,22223,
66098,REG_91,DEP_66,AR_66-3,CT_66-06,Llagonne,(La),"(2.080064449760766, 42.53642870813399)",3008464,Q1163153,https://fr.wikipedia.org/wiki/La_Llagonne,ark:/12148/cb152710090,137375223,,2853900,
66099,REG_91,DEP_66,AR_66-2,CT_66-17,Llauro,"","(2.748412248062016, 42.54607891472868)",6614861,Q1369316,https://fr.wikipedia.org/wiki/Llauro,ark:/12148/cb152710106,,,23823,
66100,REG_91,DEP_66,AR_66-3,CT_66-13,Llo,"","(2.0883962179487177, 42.435478525641024)",6440972,Q632053,https://fr.wikipedia.org/wiki/Llo,ark:/12148/cb15271011j,,,1235861,
66101,REG_91,DEP_66,AR_66-2,CT_66-17,Llupia,"","(2.7857849275362327, 42.624624927536246)",6440973,Q189983,https://fr.wikipedia.org/wiki/Llupia,ark:/12148/cb15271012w,291017322,,23308,
66102,REG_91,DEP_66,AR_66-3,CT_66-07,Mantet,"","(2.2882559016393453, 42.46007647540984)",2996145,Q1369164,https://fr.wikipedia.org/wiki/Mantet,ark:/12148/cb152710137,,,2913805,
66103,REG_91,DEP_66,AR_66-3,CT_66-18,Marquixanes,"","(2.48291371681416, 42.637180973451315)",6440975,Q199734,https://fr.wikipedia.org/wiki/Marquixanes,ark:/12148/cb15271014k,,,1920120,
66104,REG_91,DEP_66,AR_66-3,CT_66-10,Masos,(Los),"(2.4560382352941175, 42.61453260504203)",6456340,Q531252,https://fr.wikipedia.org/wiki/Los_Masos,ark:/12148/cb15271015x,,,54469,
66105,REG_91,DEP_66,AR_66-3,CT_66-06,Matemale,"","(2.122633421052632, 42.58947828947369)",2995193,Q1369350,https://fr.wikipedia.org/wiki/Matemale,ark:/12148/cb152710168,,,1069580,
66106,REG_91,DEP_66,AR_66-1,CT_66-03,Maureillas-las-Illas,"","(2.80858194214876, 42.466298181818196)",2995054,Q7972,https://fr.wikipedia.org/wiki/Maureillas-las-Illas,ark:/12148/cb15271017m,135313071,,392304,
66107,REG_91,DEP_66,AR_66-2,CT_66-15,Maury,"","(2.6317179279279275, 42.809976666666664)",6440977,Q579141,https://fr.wikipedia.org/wiki/Maury_(Pyr%C3%A9n%C3%A9es-Orientales),ark:/12148/cb15271018z,,,22242,
66108,REG_91,DEP_66,AR_66-2,CT_66-05,Millas,"","(2.685002567567567, 42.69690486486487)",6440978,Q1369210,https://fr.wikipedia.org/wiki/Millas,ark:/12148/cb152710199,,,18484,2d77cd12-8be3-4228-81a4-74f73d5a2ab4
66109,REG_91,DEP_66,AR_66-3,CT_66-10,Molitg-les-Bains,"","(2.3937128455284546, 42.65598487804879)",6617395,Q752153,https://fr.wikipedia.org/wiki/Molitg-les-Bains,ark:/12148/cb15271020h,,,2820751,
66111,REG_91,DEP_66,AR_66-3,CT_66-18,Montalba-le-Château,"","(2.552676464646465, 42.69851212121212)",6440979,Q1093217,https://fr.wikipedia.org/wiki/Montalba-le-Ch%C3%A2teau,ark:/12148/cb15271021v,,,1919933,
66112,REG_91,DEP_66,AR_66-1,CT_66-03,Montauriol,"","(2.724415952380953, 42.57929055555557)",6614862,Q752538,https://fr.wikipedia.org/wiki/Montauriol_(Pyr%C3%A9n%C3%A9es-Orientales),ark:/12148/cb152710226,,,23895,
66113,REG_91,DEP_66,AR_66-1,CT_66-02,Montbolo,"","(2.6300693209876562, 42.490534506172864)",2992909,Q8862,https://fr.wikipedia.org/wiki/Montbolo,ark:/12148/cb15271023j,,,2924251,
66114,REG_91,DEP_66,AR_66-2,CT_66-28,Montescot,"","(2.9207719512195123, 42.61496829268293)",2992665,Q1369653,https://fr.wikipedia.org/wiki/Montescot,ark:/12148/cb15271024w,,,271356,
66115,REG_91,DEP_66,AR_66-1,CT_66-01,Montesquieu-des-Albères,"","(2.871482585034013, 42.518505170068025)",6617396,Q8997,https://fr.wikipedia.org/wiki/Montesquieu-des-Alb%C3%A8res,ark:/12148/cb152710257,,,2548784,
66116,REG_91,DEP_66,AR_66-1,CT_66-02,Montferrer,"","(2.577725425531913, 42.441700106382974)",2992604,Q7160,https://fr.wikipedia.org/wiki/Montferrer,ark:/12148/cb15271026k,,,2918951,
66117,REG_91,DEP_66,AR_66-3,CT_66-06,Mont-Louis,"","(2.1204817142857144, 42.50996542857142)",6454538,Q622422,https://fr.wikipedia.org/wiki/Mont-Louis_(Pyr%C3%A9n%C3%A9es-Orientales),ark:/12148/cb15271027x,,,22531,
66118,REG_91,DEP_66,AR_66-2,CT_66-04,Montner,"","(2.6830402631578947, 42.74268618421051)",6440983,Q1369706,https://fr.wikipedia.org/wiki/Montner,ark:/12148/cb152710288,,,1920644,
66119,REG_91,DEP_66,AR_66-3,CT_66-10,Mosset,"","(2.3047945794392524, 42.66507635514019)",2991614,Q190171,https://fr.wikipedia.org/wiki/Mosset,ark:/12148/cb15271029m,,,2827098,
66120,REG_91,DEP_66,AR_66-3,CT_66-13,Nahuja,"","(1.9951738461538469, 42.4260435897436)",6440985,Q585468,https://fr.wikipedia.org/wiki/Nahuja,ark:/12148/cb15271030t,,,74281,
66121,REG_91,DEP_66,AR_66-2,CT_66-05,Néfiach,"","(2.657287261904761, 42.69378202380952)",6440986,Q339360,https://fr.wikipedia.org/wiki/N%C3%A9fiach,ark:/12148/cb152710315,238017835,,274180,
66122,REG_91,DEP_66,AR_66-3,CT_66-10,Nohèdes,"","(2.263769680851065, 42.62526978723404)",6440987,Q1369671,https://fr.wikipedia.org/wiki/Noh%C3%A8des,ark:/12148/cb15271032h,,,2875269,
66123,REG_91,DEP_66,AR_66-3,CT_66-07,Nyer,"","(2.27005462962963, 42.501655231481486)",2989821,Q1369638,https://fr.wikipedia.org/wiki/Nyer,ark:/12148/cb15271033v,,,2913808,
66124,REG_91,DEP_66,AR_66-3,CT_66-13,Font-Romeu-Odeillo-Via,"","(2.0266734126984125, 42.5108280952381)",3017824,Q458715,https://fr.wikipedia.org/wiki/Font-Romeu-Odeillo-Via,ark:/12148/cb152710346,158010323,,18496,fcf3db1f-8053-44ea-9dc6-989e3d29dc5c
66125,REG_91,DEP_66,AR_66-3,CT_66-07,Olette,"","(2.2526937956204387, 42.58022766423356)",6440988,Q752260,https://fr.wikipedia.org/wiki/Olette,ark:/12148/cb15271035j,,,2912388,
66126,REG_91,DEP_66,AR_66-1,CT_66-03,Oms,"","(2.7147264375, 42.528330249999996)",6440989,Q7158,https://fr.wikipedia.org/wiki/Oms_(Pyr%C3%A9n%C3%A9es-Orientales),ark:/12148/cb15271036w,,,54467,
66127,REG_91,DEP_66,AR_66-2,CT_66-12,Opoul-Périllos,"","(2.834500471698113, 42.88531490566039)",6617397,Q1369116,https://fr.wikipedia.org/wiki/Opoul-P%C3%A9rillos,ark:/12148/cb152710377,,,2815369,
66128,REG_91,DEP_66,AR_66-3,CT_66-07,Oreilla,"","(2.2247609999999995, 42.56864975)",6440990,Q1369645,https://fr.wikipedia.org/wiki/Oreilla,ark:/12148/cb15271038k,,,2912375,
66129,REG_91,DEP_66,AR_66-2,CT_66-28,Ortaffa,"","(2.916232641509434, 42.58700688679246)",6440991,Q784153,https://fr.wikipedia.org/wiki/Ortaffa,ark:/12148/cb15271039x,,,269776,
66130,REG_91,DEP_66,AR_66-3,CT_66-13,Osséja,"","(1.994120730337079, 42.40308337078652)",6440992,Q1369732,https://fr.wikipedia.org/wiki/Oss%C3%A9ja,ark:/12148/cb152710404,,,80067,
66132,REG_91,DEP_66,AR_66-3,CT_66-13,Palau-de-Cerdagne,"","(1.9801812676056334, 42.38987007042253)",2988744,Q545632,https://fr.wikipedia.org/wiki/Palau-de-Cerdagne,ark:/12148/cb15271041g,,,392033,
66133,REG_91,DEP_66,AR_66-1,CT_66-01,Palau-del-Vidre,"","(2.9581568493150683, 42.56696178082193)",6440994,Q594597,https://fr.wikipedia.org/wiki/Palau-del-Vidre,ark:/12148/cb15271042t,250718782,,23303,
66134,REG_91,DEP_66,AR_66-2,CT_66-17,Passa,"","(2.8037404255319154, 42.56171191489363)",6440995,Q1369424,https://fr.wikipedia.org/wiki/Passa,ark:/12148/cb152710435,,,23795,
66136,REG_91,DEP_66,AR_66-2,CT_66-99,Perpignan,"","(2.8967339102564105, 42.70083282051284)",2987914,Q6730,https://fr.wikipedia.org/wiki/Perpignan,ark:/12148/cb15271045v,137207669,131034089,18000,73b9570e-b473-421f-bf50-f76baf7facba
66137,REG_91,DEP_66,AR_66-1,CT_66-03,Perthus,(Le),"(2.8610728155339804, 42.467435145631065)",3002955,Q6684,https://fr.wikipedia.org/wiki/Le_Perthus,ark:/12148/cb152710466,241883886,,271192,52337ae0-895d-4ec4-a02b-b150e1879934
66138,REG_91,DEP_66,AR_66-2,CT_66-12,Peyrestortes,"","(2.851159615384616, 42.74711288461538)",6440997,Q195160,https://fr.wikipedia.org/wiki/Peyrestortes,ark:/12148/cb15271047j,,,23759,
66139,REG_91,DEP_66,AR_66-3,CT_66-16,Pézilla-de-Conflent,"","(2.492658799999999, 42.734856000000015)",6440998,Q1369496,https://fr.wikipedia.org/wiki/P%C3%A9zilla-de-Conflent,ark:/12148/cb15271048w,,,2816503,
66140,REG_91,DEP_66,AR_66-2,CT_66-05,Pézilla-la-Rivière,"","(2.7554961481481484, 42.70731777777776)",6440999,Q1369142,https://fr.wikipedia.org/wiki/P%C3%A9zilla-la-Rivi%C3%A8re,ark:/12148/cb152710497,,,74309,
66141,REG_91,DEP_66,AR_66-2,CT_66-12,Pia,"","(2.9129831868131864, 42.747489450549445)",6441000,Q510703,https://fr.wikipedia.org/wiki/Pia,ark:/12148/cb15271050f,204002590,,18351,
66142,REG_91,DEP_66,AR_66-3,CT_66-06,Planès,"","(2.145977327586207, 42.47246068965519)",6454539,Q524705,https://fr.wikipedia.org/wiki/Plan%C3%A8s,ark:/12148/cb15271051s,234810500,,2853831,
66143,REG_91,DEP_66,AR_66-2,CT_66-04,Planèzes,"","(2.6145832954545454, 42.772057499999995)",6441001,Q197641,https://fr.wikipedia.org/wiki/Plan%C3%A8zes,ark:/12148/cb152710524,,,22208,
66144,REG_91,DEP_66,AR_66-2,CT_66-29,Pollestres,"","(2.872287065217392, 42.638148043478274)",6441002,Q779238,https://fr.wikipedia.org/wiki/Pollestres,ark:/12148/cb15271053g,240548550,,273497,
66145,REG_91,DEP_66,AR_66-2,CT_66-17,Ponteilla,"","(2.8325676190476177, 42.630650158730155)",6441003,Q1369411,https://fr.wikipedia.org/wiki/Ponteilla,ark:/12148/cb15271054t,,,23324,
66146,REG_91,DEP_66,AR_66-3,CT_66-13,Porta,"","(1.7810991266375547, 42.52595279475981)",6441004,Q198196,https://fr.wikipedia.org/wiki/Porta,ark:/12148/cb152710555,,,2084436,
66147,REG_91,DEP_66,AR_66-3,CT_66-13,Porté-Puymorens,"","(1.8293107329842933, 42.55259717277487)",2985997,Q1072001,https://fr.wikipedia.org/wiki/Port%C3%A9-Puymorens,ark:/12148/cb15271056h,,,409377,
66148,REG_91,DEP_66,AR_66-1,CT_66-19,Port-Vendres,"","(3.1169720654911837, 42.51055168765745)",2985925,Q204648,https://fr.wikipedia.org/wiki/Port-Vendres,ark:/12148/cb15271057v,,,81599,
66149,REG_91,DEP_66,AR_66-3,CT_66-10,Prades,"","(2.434293823529412, 42.61785382352942)",6613826,Q212450,https://fr.wikipedia.org/wiki/Prades_(Pyr%C3%A9n%C3%A9es-Orientales),ark:/12148/cb152710586,123973890,,20224,
66150,REG_91,DEP_66,AR_66-1,CT_66-11,Prats-de-Mollo-la-Preste,"","(2.451654074074072, 42.41095703703706)",6441006,Q828602,https://fr.wikipedia.org/wiki/Prats-de-Mollo-la-Preste,ark:/12148/cb15271059j,237331640,73074024,2918640,
66151,REG_91,DEP_66,AR_66-3,CT_66-16,Prats-de-Sournia,"","(2.463031132075472, 42.73608999999999)",6441007,Q1377408,https://fr.wikipedia.org/wiki/Prats-de-Sournia,ark:/12148/cb15271060r,,,2816624,
66152,REG_91,DEP_66,AR_66-2,CT_66-15,Prugnanes,"","(2.430291774193548, 42.82064177419355)",6441008,Q1369092,https://fr.wikipedia.org/wiki/Prugnanes,ark:/12148/cb152710613,,,22315,
66153,REG_91,DEP_66,AR_66-3,CT_66-18,Prunet-et-Belpuig,"","(2.632357611940299, 42.569264427860695)",6441009,Q199720,https://fr.wikipedia.org/wiki/Prunet-et-Belpuig,ark:/12148/cb15271062f,240122215,,1918955,84d2a106-9cb0-423c-9d6b-8c7203dbb819
66154,REG_91,DEP_66,AR_66-3,CT_66-06,Puyvalador,"","(2.1143752314814823, 42.65098972222221)",6612744,Q429271,https://fr.wikipedia.org/wiki/Puyvalador,ark:/12148/cb15271063s,,,2814562,
66155,REG_91,DEP_66,AR_66-3,CT_66-07,Py,"","(2.361636530612245, 42.4807863265306)",6454540,Q178846,https://fr.wikipedia.org/wiki/Py_(Pyr%C3%A9n%C3%A9es-Orientales),ark:/12148/cb152710644,,,2913745,
66156,REG_91,DEP_66,AR_66-3,CT_66-16,Rabouillet,"","(2.378821121495327, 42.72489691588785)",6441011,Q199764,https://fr.wikipedia.org/wiki/Rabouillet,ark:/12148/cb15271065g,,,2819158,
66157,REG_91,DEP_66,AR_66-3,CT_66-07,Railleu,"","(2.1631199999999997, 42.59040551020408)",6441012,Q190092,https://fr.wikipedia.org/wiki/Railleu,ark:/12148/cb15271066t,,,2912280,
66158,REG_91,DEP_66,AR_66-2,CT_66-04,Rasiguères,"","(2.5988494117647067, 42.77283647058823)",6441013,Q1445599,https://fr.wikipedia.org/wiki/Rasigu%C3%A8res,ark:/12148/cb152710675,,,22214,
66159,REG_91,DEP_66,AR_66-3,CT_66-06,Réal,"","(2.142681789473684, 42.64409694736843)",6441014,Q1350410,https://fr.wikipedia.org/wiki/R%C3%A9al_(Pyr%C3%A9n%C3%A9es-Orientales),ark:/12148/cb15271068h,,,2829664,
66160,REG_91,DEP_66,AR_66-1,CT_66-03,Reynès,"","(2.7041445410628016, 42.48040154589369)",6441015,Q6627,https://fr.wikipedia.org/wiki/Reyn%C3%A8s,ark:/12148/cb15271069v,235246582,,401880,
66161,REG_91,DEP_66,AR_66-3,CT_66-10,Ria-Sirach,"","(2.393909304347826, 42.60784886956524)",6617398,Q752117,https://fr.wikipedia.org/wiki/Ria-Sirach,ark:/12148/cb152710702,,,2827311,
66162,REG_91,DEP_66,AR_66-3,CT_66-18,Rigarda,"","(2.537739130434783, 42.629244021739126)",6441016,Q1350716,https://fr.wikipedia.org/wiki/Rigarda,ark:/12148/cb15271071d,,,2858704,
66164,REG_91,DEP_66,AR_66-2,CT_66-12,Rivesaltes,"","(2.873014262295081, 42.76479040983606)",2983393,Q689466,https://fr.wikipedia.org/wiki/Rivesaltes,ark:/12148/cb152710733,138385868,129709689,1664393,1d92ffcd-2f2c-4cf4-bf1d-f29af140c70f
66165,REG_91,DEP_66,AR_66-3,CT_66-18,Rodès,"","(2.552885297029703, 42.651068465346526)",6441018,Q199706,https://fr.wikipedia.org/wiki/Rod%C3%A8s,ark:/12148/cb15271074f,,,1919494,
66166,REG_91,DEP_66,AR_66-3,CT_66-07,Sahorre,"","(2.359103592233009, 42.5238731067961)",6441019,Q1350593,https://fr.wikipedia.org/wiki/Sahorre,ark:/12148/cb15271075s,,,2913485,
66167,REG_91,DEP_66,AR_66-3,CT_66-13,Saillagouse,"","(2.0417725170068035, 42.45854183673471)",6441020,Q582724,https://fr.wikipedia.org/wiki/Saillagouse,ark:/12148/cb152710764,,,74277,
66168,REG_91,DEP_66,AR_66-1,CT_66-01,Saint-André,"","(2.977345607476636, 42.55295831775702)",6618450,Q752169,https://fr.wikipedia.org/wiki/Saint-Andr%C3%A9_(Pyr%C3%A9n%C3%A9es-Orientales),ark:/12148/cb15271077g,,,18419,
66169,REG_91,DEP_66,AR_66-2,CT_66-15,Saint-Arnac,"","(2.534101777777777, 42.775879999999994)",6441021,Q189995,https://fr.wikipedia.org/wiki/Saint-Arnac,ark:/12148/cb15271078t,,,22218,
66170,REG_91,DEP_66,AR_66-2,CT_66-17,Sainte-Colombe-de-la-Commanderie,"","(2.7397514545454555, 42.615734909090925)",6617399,Q1350616,https://fr.wikipedia.org/wiki/Sainte-Colombe-de-la-Commanderie,ark:/12148/cb152710795,,,24458,
66171,REG_91,DEP_66,AR_66-2,CT_66-27,Saint-Cyprien,"","(3.0226534999999997, 42.61720762499998)",6454541,Q752547,https://fr.wikipedia.org/wiki/Saint-Cyprien_(Pyr%C3%A9n%C3%A9es-Orientales),ark:/12148/cb15271080c,,,271713,2dd33076-1977-476d-8a1b-1ccb798eb868
66172,REG_91,DEP_66,AR_66-2,CT_66-30,Saint-Estève,"","(2.850937681159421, 42.71328507246377)",,Q778090,https://fr.wikipedia.org/wiki/Saint-Est%C3%A8ve,ark:/12148/cb15271081q,173422202,,18477,
66173,REG_91,DEP_66,AR_66-2,CT_66-05,Saint-Féliu-d'Amont,"","(2.717680285714285, 42.672121857142855)",6441023,Q1369262,https://fr.wikipedia.org/wiki/Saint-F%C3%A9liu-d%27Amont,ark:/12148/cb152710822,,,1430537,
66174,REG_91,DEP_66,AR_66-2,CT_66-05,Saint-Féliu-d'Avall,"","(2.7468575362318832, 42.67127753623188)",2980163,Q191008,https://fr.wikipedia.org/wiki/Saint-F%C3%A9liu-d%27Avall,ark:/12148/cb15271083d,,,392308,
66175,REG_91,DEP_66,AR_66-1,CT_66-01,Saint-Génis-des-Fontaines,"","(2.9207005, 42.554577166666654)",6617400,Q752157,https://fr.wikipedia.org/wiki/Saint-G%C3%A9nis-des-Fontaines,ark:/12148/cb15271084r,233914587,,54471,44d8b2d6-7599-47c6-acbc-149c09a4ea01
66176,REG_91,DEP_66,AR_66-2,CT_66-14,Saint-Hippolyte,"","(2.9538378787878794, 42.79369545454546)",,Q1409088,https://fr.wikipedia.org/wiki/Saint-Hippolyte_(Pyr%C3%A9n%C3%A9es-Orientales),ark:/12148/cb152710853,,,1664394,
66177,REG_91,DEP_66,AR_66-2,CT_66-17,Saint-Jean-Lasseille,"","(2.863883859649122, 42.58708561403508)",6441025,Q190225,https://fr.wikipedia.org/wiki/Saint-Jean-Lasseille,ark:/12148/cb15271086f,237475833,,25873,
66178,REG_91,DEP_66,AR_66-1,CT_66-03,Saint-Jean-Pla-de-Corts,"","(2.795223373493976, 42.521492650602404)",2979205,Q8657,https://fr.wikipedia.org/wiki/Saint-Jean-Pla-de-Corts,ark:/12148/cb15271087s,,,1664419,
66179,REG_91,DEP_66,AR_66-1,CT_66-11,Saint-Laurent-de-Cerdans,"","(2.6191488095238107, 42.397683452380925)",6614513,Q199742,https://fr.wikipedia.org/wiki/Saint-Laurent-de-Cerdans,ark:/12148/cb152710884,140817718,,2924304,
66180,REG_91,DEP_66,AR_66-2,CT_66-14,Saint-Laurent-de-la-Salanque,"","(3.0100225, 42.782977727272716)",2978925,Q199847,https://fr.wikipedia.org/wiki/Saint-Laurent-de-la-Salanque,ark:/12148/cb15271089g,152478135,,270405,
66181,REG_91,DEP_66,AR_66-3,CT_66-13,Sainte-Léocadie,"","(2.005401470588236, 42.43386794117647)",6441027,Q1369688,https://fr.wikipedia.org/wiki/Sainte-L%C3%A9ocadie,ark:/12148/cb15271090p,,,1952519,
66182,REG_91,DEP_66,AR_66-2,CT_66-31,Sainte-Marie,"","(3.0241304166666656, 42.72618406249999)",6617401,Q190506,https://fr.wikipedia.org/wiki/Sainte-Marie-la-Mer,ark:/12148/cb152710911,,,18362,
66183,REG_91,DEP_66,AR_66-1,CT_66-02,Saint-Marsal,"","(2.6222571739130434, 42.52405830434783)",6441028,Q971883,https://fr.wikipedia.org/wiki/Saint-Marsal,ark:/12148/cb15271092c,,,2919179,
66184,REG_91,DEP_66,AR_66-2,CT_66-15,Saint-Martin,"","(2.4803186666666663, 42.788604)",,Q1369281,https://fr.wikipedia.org/wiki/Saint-Martin-de-Fenouillet,ark:/12148/cb15271093q,,,22368,
66185,REG_91,DEP_66,AR_66-3,CT_66-18,Saint-Michel-de-Llotes,"","(2.6268000990099014, 42.64597237623764)",6441029,Q197904,https://fr.wikipedia.org/wiki/Saint-Michel-de-Llotes,ark:/12148/cb152710942,,,1918771,
66186,REG_91,DEP_66,AR_66-2,CT_66-31,Saint-Nazaire,"","(2.9831340000000006, 42.66029523076921)",,Q1369456,https://fr.wikipedia.org/wiki/Saint-Nazaire_(Pyr%C3%A9n%C3%A9es-Orientales),ark:/12148/cb15271095d,,,18349,
66187,REG_91,DEP_66,AR_66-2,CT_66-15,Saint-Paul-de-Fenouillet,"","(2.4987459770114953, 42.81729620689655)",6441030,Q1369303,https://fr.wikipedia.org/wiki/Saint-Paul-de-Fenouillet,ark:/12148/cb15271096r,,,22270,c170b4a7-4f0d-491b-b779-0f8cbf11c1d1
66188,REG_91,DEP_66,AR_66-3,CT_66-06,Saint-Pierre-dels-Forcats,"","(2.123592999999999, 42.483568444444444)",6441031,Q190480,https://fr.wikipedia.org/wiki/Saint-Pierre-dels-Forcats,ark:/12148/cb152710973,,,2853657,
66189,REG_91,DEP_66,AR_66-2,CT_66-27,Saleilles,"","(2.948868333333333, 42.658717833333334)",6441032,Q1369439,https://fr.wikipedia.org/wiki/Saleilles,ark:/12148/cb15271098f,,,271536,
66190,REG_91,DEP_66,AR_66-2,CT_66-12,Salses-le-Château,"","(2.903368400000001, 42.823125733333356)",6617403,Q821246,https://fr.wikipedia.org/wiki/Salses-le-Ch%C3%A2teau,ark:/12148/cb15271099s,,,1664395,
66191,REG_91,DEP_66,AR_66-3,CT_66-07,Sansa,"","(2.1812226666666663, 42.615004416666665)",6441033,Q1350465,https://fr.wikipedia.org/wiki/Sansa,ark:/12148/cb152711005,,,2897645,
66192,REG_91,DEP_66,AR_66-3,CT_66-06,Sauto,"","(2.1470106666666666, 42.51265780952382)",6441034,Q1445541,https://fr.wikipedia.org/wiki/Sauto,ark:/12148/cb15271101h,,,2854010,
66193,REG_91,DEP_66,AR_66-3,CT_66-07,Serdinya,"","(2.3216373148148146, 42.57383953703703)",6441035,Q943165,https://fr.wikipedia.org/wiki/Serdinya,ark:/12148/cb15271102v,,,2897486,
66194,REG_91,DEP_66,AR_66-1,CT_66-11,Serralongue,"","(2.5614025000000002, 42.381102045454554)",6441036,Q1350641,https://fr.wikipedia.org/wiki/Serralongue,ark:/12148/cb152711036,,,2926263,
66195,REG_91,DEP_66,AR_66-2,CT_66-05,Soler,(Le),"(2.7989752688172045, 42.67876290322579)",3000139,Q1163139,https://fr.wikipedia.org/wiki/Le_Soler,ark:/12148/cb15271104j,,,18311,
66196,REG_91,DEP_66,AR_66-1,CT_66-01,Sorède,"","(2.97121301369863, 42.515674178082214)",2974203,Q190385,https://fr.wikipedia.org/wiki/Sor%C3%A8de,ark:/12148/cb15271105w,244808070,,18428,
66197,REG_91,DEP_66,AR_66-3,CT_66-07,Souanyas,"","(2.279315357142857, 42.548835119047624)",6424445,Q190268,https://fr.wikipedia.org/wiki/Souanyas,ark:/12148/cb152711067,,,2913446,
66198,REG_91,DEP_66,AR_66-3,CT_66-16,Sournia,"","(2.4104214814814804, 42.71663437037037)",2973941,Q190346,https://fr.wikipedia.org/wiki/Sournia,ark:/12148/cb15271107k,247861298,,2819131,
66199,REG_91,DEP_66,AR_66-1,CT_66-03,Taillet,"","(2.6771426153846147, 42.5164456923077)",6441037,Q7157,https://fr.wikipedia.org/wiki/Taillet,ark:/12148/cb15271108x,,,2768134,
66201,REG_91,DEP_66,AR_66-3,CT_66-16,Tarerach,"","(2.515836842105263, 42.67625561403509)",6441038,Q1350733,https://fr.wikipedia.org/wiki/Tarerach,ark:/12148/cb15271110g,,,2816871,
66202,REG_91,DEP_66,AR_66-3,CT_66-13,Targassonne,"","(1.9910839999999999, 42.500534)",6441039,Q1350666,https://fr.wikipedia.org/wiki/Targassonne,ark:/12148/cb15271111t,,,74988,
66203,REG_91,DEP_66,AR_66-1,CT_66-02,Taulis,"","(2.6173206249999987, 42.51461732142856)",6441040,Q1350447,https://fr.wikipedia.org/wiki/Taulis,ark:/12148/cb152711125,,,2924113,
66204,REG_91,DEP_66,AR_66-3,CT_66-10,Taurinya,"","(2.4401040229885056, 42.55931689655172)",6441041,Q198056,https://fr.wikipedia.org/wiki/Taurinya,ark:/12148/cb15271113h,233884483,,2863980,
66205,REG_91,DEP_66,AR_66-2,CT_66-04,Tautavel,"","(2.7126480645161286, 42.814741032258034)",6441042,Q689491,https://fr.wikipedia.org/wiki/Tautavel,ark:/12148/cb15271114v,238758335,,2593113,
66206,REG_91,DEP_66,AR_66-1,CT_66-11,Tech,(Le),"(2.525773045454545, 42.431345909090915)",6456342,Q197968,https://fr.wikipedia.org/wiki/Le_Tech,ark:/12148/cb152711156,234760573,18296998,2918769,
66207,REG_91,DEP_66,AR_66-2,CT_66-17,Terrats,"","(2.7612054471544716, 42.602495447154496)",6441043,Q1369520,https://fr.wikipedia.org/wiki/Terrats,ark:/12148/cb15271116j,,,24459,
66208,REG_91,DEP_66,AR_66-2,CT_66-28,Théza,"","(2.9474096721311467, 42.63874360655739)",6441044,Q199709,https://fr.wikipedia.org/wiki/Th%C3%A9za,ark:/12148/cb15271117w,244753681,,271495,
66209,REG_91,DEP_66,AR_66-3,CT_66-07,Thuès-Entre-Valls,"","(2.2247344078947364, 42.50257763157893)",2972671,Q1350627,https://fr.wikipedia.org/wiki/Thu%C3%A8s-Entre-Valls,ark:/12148/cb152711187,,,2913659,
66210,REG_91,DEP_66,AR_66-2,CT_66-17,Thuir,"","(2.7595745370370373, 42.64268518518517)",2972665,Q199697,https://fr.wikipedia.org/wiki/Thuir,ark:/12148/cb15271119k,149711825,,18482,8763d925-bb29-4ae4-aa6f-15956214e150
66211,REG_91,DEP_66,AR_66-2,CT_66-17,Tordères,"","(2.76109542635659, 42.564508449612404)",2972433,Q199824,https://fr.wikipedia.org/wiki/Tord%C3%A8res,ark:/12148/cb15271120s,,,23814,
66212,REG_91,DEP_66,AR_66-2,CT_66-14,Torreilles,"","(3.0133256000000004, 42.75338266666667)",6441047,Q752160,https://fr.wikipedia.org/wiki/Torreilles,ark:/12148/cb152711214,249429897,,74993,
66213,REG_91,DEP_66,AR_66-2,CT_66-29,Toulouges,"","(2.824364835164835, 42.67322087912089)",6441048,Q1350694,https://fr.wikipedia.org/wiki/Toulouges,ark:/12148/cb15271122g,,,18318,0c894523-d18b-4291-b81a-46eedd3446b6
66214,REG_91,DEP_66,AR_66-2,CT_66-17,Tresserre,"","(2.8393981428571444, 42.556292642857166)",6441049,Q197369,https://fr.wikipedia.org/wiki/Tresserre,ark:/12148/cb15271123t,316740371,,23790,
66215,REG_91,DEP_66,AR_66-3,CT_66-16,Trévillach,"","(2.5089597857142842, 42.71265914285713)",6441050,Q1350605,https://fr.wikipedia.org/wiki/Tr%C3%A9villach,ark:/12148/cb152711245,,,2406387,
66216,REG_91,DEP_66,AR_66-3,CT_66-16,Trilla,"","(2.5186685000000013, 42.738378833333314)",6441051,Q190062,https://fr.wikipedia.org/wiki/Trilla,ark:/12148/cb15271125h,,,2816422,
66217,REG_91,DEP_66,AR_66-2,CT_66-17,Trouillas,"","(2.82228888888889, 42.6074848148148)",6441052,Q199789,https://fr.wikipedia.org/wiki/Trouillas,ark:/12148/cb15271126v,,,23315,
66218,REG_91,DEP_66,AR_66-3,CT_66-13,Ur,"","(1.9354028125000007, 42.4655003125)",6615248,Q632044,https://fr.wikipedia.org/wiki/Ur_(Pyr%C3%A9n%C3%A9es-Orientales),ark:/12148/cb152711276,154508949,,74284,
66219,REG_91,DEP_66,AR_66-3,CT_66-10,Urbanya,"","(2.30078196969697, 42.64080136363635)",2971367,Q175206,https://fr.wikipedia.org/wiki/Urbanya,ark:/12148/cb15271128j,,,2828560,
66220,REG_91,DEP_66,AR_66-3,CT_66-13,Valcebollère,"","(2.0455662068965514, 42.384016896551714)",6441055,Q516509,https://fr.wikipedia.org/wiki/Valceboll%C3%A8re,ark:/12148/cb15271129w,,,392027,
66221,REG_91,DEP_66,AR_66-3,CT_66-18,Valmanya,"","(2.5182812080536907, 42.52535161073826)",6441056,Q1093084,https://fr.wikipedia.org/wiki/Valmanya,ark:/12148/cb152711303,236602309,,2919019,
66222,REG_91,DEP_66,AR_66-3,CT_66-10,Vernet-les-Bains,"","(2.408545762711864, 42.54198135593221)",2969817,Q190011,https://fr.wikipedia.org/wiki/Vernet-les-Bains,ark:/12148/cb15271131f,130599038,73074116,1209766,3a043ec5-3f4e-43c1-9611-52bc8d1ecaef
66223,REG_91,DEP_66,AR_66-3,CT_66-10,Villefranche-de-Conflent,"","(2.365746202531645, 42.59301759493672)",2968759,Q501114,https://fr.wikipedia.org/wiki/Villefranche-de-Conflent,ark:/12148/cb15271132s,143824523,73074044,392223,
66224,REG_91,DEP_66,AR_66-2,CT_66-31,Villelongue-de-la-Salanque,"","(2.9749274999999997, 42.726238214285694)",6441059,Q1369473,https://fr.wikipedia.org/wiki/Villelongue-de-la-Salanque,ark:/12148/cb152711334,,,18354,
66225,REG_91,DEP_66,AR_66-1,CT_66-01,Villelongue-dels-Monts,"","(2.897283760683761, 42.52725111111114)",6614551,Q190895,https://fr.wikipedia.org/wiki/Villelongue-dels-Monts,ark:/12148/cb15271134g,,,2621923,
66226,REG_91,DEP_66,AR_66-2,CT_66-17,Villemolaque,"","(2.8510499236641222, 42.59393618320612)",6441060,Q782514,https://fr.wikipedia.org/wiki/Villemolaque,ark:/12148/cb15271135t,,,23340,
66227,REG_91,DEP_66,AR_66-2,CT_66-28,Villeneuve-de-la-Raho,"","(2.905008571428572, 42.644160649350646)",6441061,Q1110142,https://fr.wikipedia.org/wiki/Villeneuve-de-la-Raho,ark:/12148/cb152711365,234312732,,18326,ebfe7d46-6abb-4fb5-a99e-7e61cc23fe90
66228,REG_91,DEP_66,AR_66-2,CT_66-30,Villeneuve-la-Rivière,"","(2.7972891304347827, 42.70388978260869)",6441062,Q1369232,https://fr.wikipedia.org/wiki/Villeneuve-la-Rivi%C3%A8re,ark:/12148/cb15271137h,,,1798945,
66230,REG_91,DEP_66,AR_66-3,CT_66-18,Vinça,"","(2.521741293103447, 42.641786379310346)",6441063,Q1113972,https://fr.wikipedia.org/wiki/Vin%C3%A7a,ark:/12148/cb152711396,153010931,,74310,
66231,REG_91,DEP_66,AR_66-2,CT_66-12,Vingrau,"","(2.798518988764045, 42.864856516853926)",6441064,Q198146,https://fr.wikipedia.org/wiki/Vingrau,ark:/12148/cb15271140d,,,2815362,
66232,REG_91,DEP_66,AR_66-2,CT_66-15,Vira,"","(2.3910654237288136, 42.76140288135594)",6441065,Q1174153,https://fr.wikipedia.org/wiki/Vira_(Pyr%C3%A9n%C3%A9es-Orientales),ark:/12148/cb15271141r,117144782970716168989,,22365,
66233,REG_91,DEP_66,AR_66-1,CT_66-03,Vivès,"","(2.765315615384616, 42.52999353846155)",6454545,Q1153177,https://fr.wikipedia.org/wiki/Viv%C3%A8s,ark:/12148/cb152711423,146146263,,1664420,
66234,REG_91,DEP_66,AR_66-3,CT_66-16,Vivier,(Le),"(2.440784285714286, 42.76295119047619)",6456343,Q968816,https://fr.wikipedia.org/wiki/Le_Vivier,ark:/12148/cb15271143f,,,2816579,
