Article,Vedette,Type vedette,Candidat,INSEE,Définition
DT34-00329,"Fraisse,",écart,2,non,"écart, commune de Castelnau (2e canton de Montpellier)."
DT34-00477,"Bazille,",ferme,2,non,"ferme, commune de Castelnau (2e canton de Montpellier)."
DT34-00532,"Bellaud,",ferme,2,non,"ferme, commune de Castelnau (2e canton de Montpellier)."
DT34-00608,"Serres,",ferme,2,non,"ferme, commune de Castelnau (2e canton de Montpellier)."
DT34-00639,"Léenhardt,",moulin,2,non,"moulin sur le Lez, commune de Castelnau (2e canton de Montpellier)."
DT34-00839,"Bourillou,",ferme,2,non,"ferme, commune de Castelnau (2e canton de Montpellier)."
DT34-02535,"Gaillague (La),",ferme,2,non,"ferme, commune de Colombiers (2e canton de Béziers)."
DT34-03778,"Monplaisir,",ferme,2,non,"ferme, commune de Castelnau (2e canton de Montpellier)."
DT34-02569,"Gareng (Mas de),",hameau,3,non,"hameau, commune de Murviel (3e canton de Montpellier)."
DT34-05236,"Saint-Celse,",ancienne église,abbaye d’Aniane,non,"ancienne église, commune d’Aniane ; dépendance de l’abbaye d’Aniane."
DT34-05717,"Saugras,",ancien monastère,abbaye d’Aniane,non,"hameau, commune d’Argelliers, ancien monastère dépendant de l’abbaye d’Aniane."
DT34-05463,"Saint-Martin-d’Aurelles,",église ruinée,abbaye de Saint-Guillem,non,"église ruinée, commune de Brignac ; appartenait à l’abbaye de Saint-Guillem."
DT34-03771,"Monetas,",anciennes mines,abbaye de Villemagne,34335,anciennes mines argentifères dans le voisinage de l’abbaye de Villemagne.
DT34-04768,"Rudel,",partie,Aigues-Mortes,non,partie du canal des Étangs qui va d’Aigues-Mortes à l’étang de Mauguio.
DT34-01877,"Cumba Alamandesca,",villa,ancien diocèse de Béziers,non,"villa dans l’ancien diocèse de Béziers, relatée en 1181 (cart. Anian. 119 v°)."
DT34-04882,"Rhonel,",ruisseau,ancien moulin de Foncaude,non,"ruisseau qui prend naissance près de l’ancien moulin de Foncaude, sur le territoire de Cazouls-lez-Béziers, arrose celui de Thezan, parcourt 8 kilomètres, fait mouvoir un moulin à blé et se jette dans l’Orb."
DT34-01077,Calvellum,manse,ancienne paroisse de Montauberon,non,"manse dans l’ancienne paroisse de Montauberon, près de Montpellier ; 1340 (cart. Mag. B 47)."
DT34-02296,"Ferrussac,",ferme,ancienne paroisse de Saint-Martin-de-Castries,non,"ferme dans l’ancienne paroisse de Saint-Martin-de-Castries, commune de la Vacquerie."
DT34-05575,"Saint-Pierre-de-Leneyrac,",ancien oratoire,annexe de Saint-Étienne-de-Rongas,non,"ferme, ermitage, commune de Ceyras, ancien oratoire, annexe de Saint-Étienne-de-Rongas."
DT34-02429,"Forum Domitii,",,Antonin,non,"d’après les anciens itinéraires de Bordeaux et d’Antonin et la carte de Peutinger (Forum Domiti, sur des vases du musée du Collége romain), était placé entre Substantion et Saint-Thibery."
DT34-01113,"Campagnoles,",ancienne église,archiprêtré de Cazouls-lez-Béziers,non,"ancienne église de l’archiprêtré de Cazouls-lez-Béziers, sous le vocable de S. Andreas, 1780 (tabl. offic. des anciennes paroisses du dioc. de Béz.)."
DT34-05043,"Roquerols,",écueil,au-dessous de Bouzigues,34039,"écueil, dans l’étang de Tau, au-dessous de Bouzigues."
DT34-03268,"Libron (Le),",rivière,au-dessous de Laurens,34130,"rivière dont les sources, à Faugeres et aux Aires, se réunissent au-dessous de Laurens."
DT34-04769,"Radel (Étang du),",partie,au-dessous de Pérols,34198,"partie de l’étang de Méjan, au-dessous de Pérols, joignant celui de Mauguio."
DT34-03229,"Lenne (La),",ruisseau,au-dessus de Gabian,34109,"ruisseau qui commence au-dessus de Gabian, fait aller un moulin à blé dans son cours d’environ 1,340 mètres et se perd dans la Tongue, affluent de l’Hérault, par la rive gauche."
DT34-04199,"Orb (L’),",rivière,au-dessus de Mézérens,non,"rivière qui prend sa source à l’est et au-dessus de Mézérens, commune de Romiguières, court, dans l’arrondissement de Lodève, sur les territoires de Romiguières, Roqueredonde, Avène, Joncels, Lunas, Dio et Valquières, et fait mouvoir dans cet arrondissement neuf moulins ou usines, pénètre dans l’arrondissement de Béziers, entre les cantons de Saint-Gervais et de Bédarieux, et serpente sur les communes de Camplong, Boussagues, Bédarieux, Mourcairol, Hérépian, le Poujol, où elle quitte cet arrondissement pour passer dans celui de Saint-Pons : elle y traverse Colombieres, Saint-Martin-de-l’Arçon, Mons, Vieussan, Roquebrun, Cessenon, et y fait marcher dix usines ; enfin, elle rentre dans l’arrondissement de Béziers, court sur les territoires de Murviel, Thézan, Cazouls-lez-Béziers, Lignan, Maraussan, Béziers, Sauvian, Sérignan."
DT34-03418,"Malou (La),",ruisseau,au-dessus de Rosis et de Taussac,non,"ruisseau qui a ses sources au-dessus de Rosis et de Taussac, dans le canton de Saint-Gervais, passe sur le Mourcairolterritoire de l’ancienne commune de , court pendant 9 kilomètres, fait mouvoir deux moulins à blé, arrose cinquante ares et se jette dans l’Orb au-dessous de l’église de Saint-Pierre-de-Rèdes."
DT34-01995,"Don Juan,",ancien château ruiné,au-dessus de Saint-Guillem-du-Désert,34261,ancien château ruiné sur les dolomies qui sont au-dessus de Saint-Guillem-du-Désert ; hauteur : 349 mètres.
DT34-04936,"Torrent de Sumène,",ruisseau,au-dessus de Sumène,30325,"ruisseau qui prend son origine au-dessus de Sumène (Gard), entre dans le département de l’Hérault par la commune de Ganges, et arrose son territoire, puis ceux de Cazilhac et de la Roque ; enfin, après un cours de 12 kilomètres, ce torrent, ordinairement aride, mais parfois furieux, se précipite dans l’Hérault."
DT34-03135,"Larzac,",plateau désolé,Aveyron,non,"plateau désolé qui, pour le département de l’Hérault, s’étend des limites de celui de l’Aveyron à la division des communes de Montpeyroux et de la Vacquerie, celle-ci seulement appartenant au Larzac, et de la rivière de Vis à celle de Lergue."
DT34-00044,"Aiguebelle,",étang,Balaruc,34023,ancien nom de l’étang de Balaruc.
DT34-03490,"Marquerose,",fief,Balaruc,34023,fief de l’évêque de Montpellier qui s’étendait sur le littoral depuis Balaruc jusqu’au château de Carnon.
DT34-00143,"Ardaillon,",ruisseau,Bassan,34025,"ruisseau qui prend sa source à Bassan, traverse le territoire de Boujan, court pendant un demi-myriamètre et se jette dans le Libron."
DT34-02800,"Grasac,",fief,Bérenger,non,"commune de Lodève, fief reconnu à l’évêque Bérenger par Guillaume de Lodève."
DT34-00649,"Bibiour (Col de),",montagne,Biaures,non,sur la montagne de Biaures.
DT34-02132,"Esparaso,",ruisseau,bois des Albières,non,"ruisseau qui naît dans le bois des Albières, commune de Berlou, passe à Saint-Etienne-d'Albagnan, 60court pendant 7,800 mètres, arrose dix hectares et se jette dans le Jaur, affluent de l’Orb."
DT34-01746,"Colazon,",rivière,bois des Taillades de Gignac,non,"rivière qui prend sa source dans le bois des Taillades de Gignac, arrose cinquante hectares sur les territoires d’Argelliers, Saint-Paul, Murviel, Saint-Georges, Cournonterral, Pignan, Saussan, Fabrègues, et se jette dans la Mosson, après avoir parcouru plus de 16 kilomètres."
DT34-02429,"Forum Domitii,",,Bordeaux,non,"d’après les anciens itinéraires de Bordeaux et d’Antonin et la carte de Peutinger (Forum Domiti, sur des vases du musée du Collége romain), était placé entre Substantion et Saint-Thibery."
DT34-03423,"Malpertrat,",ancien mansus,Calages,non,"ancien mansus entre ceux de Calages et de Peyrescanes, commune de Viols-en-Laval."
DT34-04754,"Quatre-Canaux (Les),",,canal de Grave,non,"à la croisière du canal des Étangs et du canal de Grave, hameau, commune de Palavas."
DT34-04754,"Quatre-Canaux (Les),",,canal des Étangs,non,"à la croisière du canal des Étangs et du canal de Grave, hameau, commune de Palavas."
DT34-04768,"Rudel,",partie,canal des Étangs,non,partie du canal des Étangs qui va d’Aigues-Mortes à l’étang de Mauguio.
DT34-03256,"Levas,",paroisse,Carlencas,non,"château et hameau qui formaient, avant 1790, une paroisse du diocèse de Béziers ; réunis à cette époque à Carlencas pour composer la commune de Carlencas-et-Levas, canton de Bédarieux."
DT34-00470,"Baussou,",rivière,Castanet,34055,"rivière qui prend sa source à Saint-Geniès-le-Haut, passe à Castanet, parcourt 9,500 mètres, fait marcher cinq usines, arrose 25 hectares et se jette dans la Mare, affluent de l’Orb."
DT34-03886,"Morin,",ancienne paroisse,Castanet,34055,ancienne paroisse de Castanet.
DT34-03301,"Lironde (La),",rivière,Castelnau,34057,"rivière qui prend sa source dans la commune de Saint-Clément-des-Rivières, passe entre les territoires de Montferrier et de Montpellier et se jette dans le Lez entre Clapiers et Castelnau."
DT34-06309,"Vernoubre,",ruisseau,Caune,81124,"ruisseau qui a son origine à la Caune (Tarn), arrose dans la commune de la Salvetat quatre-vingt-dix hectares, fait mouvoir trois moulins à blé et une scierie, court 3,700 mètres et se perd dans l’Agout, affluent du Tarn."
DT34-01606,"Colombié (Le),",ruisseau,Caunelles,non,"ruisseau qui prend sa source à Caunelles, commune de Saint-Julien, et arrose trois hectares du territoire de cette commune."
DT34-01857,"Crouzet,",ruisseau,Causses,34061,ruisseau qui naît sur le territoire de Saint-Nazaire-de-Ladarez et passe sur celui de Causses.
DT34-03419,"Malou (La),",ruisseau,Ceilhes,34071,"ruisseau qui prend sa source au hameau de Trassapau, commune de Joncels, quitte le territoire de cette localité pour parcourir celui de Ceilhes ; dans son cours de 4,500 mètres, il arrose quinze hectares, fait mouvoir un moulin à blé et se perd dans l’Orb."
DT34-04005,"Mourgis (Pic),",montagne,Ceilhes,34071,"montagne, commune de Ceilhes-et-Rocozels, au nord-ouest de Ceilhes, à un quart d’heure de Rocozels."
DT34-03490,"Marquerose,",fief,château de Carnon,non,fief de l’évêque de Montpellier qui s’étendait sur le littoral depuis Balaruc jusqu’au château de Carnon.
DT34-04069,"Négacats (Le),",petit ruisseau,château de Flaugergues,non,"petit ruisseau dans le tènement de même nom ou de Mougeire, qui naît sous le château de Flaugergues, commune de Montpellier, passe sur le territoire de Lattes et sert de limite entre cette commune, Mauguio et Perols."
DT34-03413,"Malos Albergos,",anc. villa ou village,château des Deux-Vierges,34287,"anc. villa ou village, près de Moureze ou d’Arboras, ou plutôt dans le voisinage du château des Deux-Vierges."
DT34-04094,"Noals,",,château du Terral,non,"mansus dépendant de la mense de l’évêque de Maguelone, près du château du Terral, commune de Saint-Jean-de-Védas."
DT34-02641,"Grand-Gèdre,",sommet,Clermont-l’Hérault,non,"sommet élevé de 227 mètres au-dessus de la mer et dépendant du système du Salagou, entre Clermont-l’Hérault et Lodeve."
DT34-03155,"Lauberne,",sommet,Clermont-l’Hérault,non,"sommet d’un chaînon du système du Salagou, entre Clermont-l’Hérault et Lodeve ; élévation : 340 mètres au-dessus du niveau de la mer."
DT34-03275,"Lieuzède,","montagne, chaînon",Clermont-l’Hérault,non,"montagne, chaînon du système du Salagou, entre Clermont-l’Hérault et Lodeve."
DT34-04831,"Redon,",montagne,Clermont-l’Hérault,non,"montagne, dans la vallée du Salagou, entre Clermont-l’Hérault et Lodeve ; hauteur, 299 mètres."
DT34-05083,"Rouens,",montagne,Clermont-l’Hérault,non,"montagne dans la vallée du Salagou, entre Clermont-l’Hérault et Lodeve."
DT34-05642,"Salagou,",rivière,col de la Melquière,non,"rivière qui a sa source au col de la Melquière, commune de Brenas ; grossie des courants d’eau venant de Saint-Martin-des-Combes, d’Octon, de Liausson et de Salasc, elle arrose les territoires de Brénas, Saint-Martin-des-Combes, Octon, Celles, Lacoste, Clermont, fait mouvoir deux moulins à blé à Octon, et, après avoir parcouru 18 kilomètres, se jette enfin dans la Lergue."
DT34-05753,"Sebestrière,",ruisseau,col de Mourgis,non,"ruisseau qui prend sa source à la métairie de la Gardiolle, au col de Mourgis, commune de Ceilhes-et-Rocozels, parcourt 5 kilomètres, fait mouvoir un moulin à blé, arrose douze hectares sur le territoire de cette commune et se jette dans l’Orb."
DT34-05773,Septimani,,colonie de Béziers,34032,qui peuplaient la colonie de Béziers.
DT34-02711,"Gorniès (Le),",rivière,Corconne,30095,"rivière qui commence à Corconne (Gard), reçoit le ruisseau de Pas-Ferrier en entrant dans le département de l’Hérault, coule sur les territoires de Claret et de Sauteyrargues, fait mouvoir un moulin à blé dans la première de ces deux communes, et, après un cours de 4 kilomètres, afflue dans le Brestalou, tributaire du Vidourle ou plutôt des étangs de Mauguio et de Repausset."
DT34-01523,"Cinq-Frères (Les),",rochers,côte d’Arboras,non,"rochers, près du sommet de la côte d’Arboras, sur le plateau du Larzac."
DT34-03283,"Ligurie,",,côte de Languedoc,non,"nom qui, d’après Plutarque (in Mario), se serait étendu jusqu’au pays situé le long de la côte de Languedoc."
DT34-04824,"Rec-Grand,",ruisseau,Crouzet,non,"ruisseau qui prend son origine au Crouzet, commune de Mons, parcourt les territoires de cette commune et de celle de Saint-Julien, arrose vingt hectares, fait mouvoir un moulin à blé et, après un cours de 4,700 mètres, se perd dans le Jaur, affluent de l’Orb."
DT34-05150,"Ruissec,",ruisseau,département de l’Aveyron,non,"ruisseau qui prend sa source dans le département de l’Aveyron un peu au-dessus de la limite de celui de l’Hérault, passe sur le territoire d’Avène, où il parcourt 5 kilomètres, fait aller un moulin à blé et se perd dans l’Orb."
DT34-00109,"Ambrueix,",,département de l’Hérault,non,"vicus, mutatio, sur la voie domitienne de Nîmes à Substantion, bâti en deçà ou en delà du Vidourle, peut-être même sur les deux rives, à un kilomètre S. de Villetelle, où cette rivière sert de limite au département de l’Hérault et à celui du Gard."
DT34-02711,"Gorniès (Le),",rivière,département de l’Hérault,non,"rivière qui commence à Corconne (Gard), reçoit le ruisseau de Pas-Ferrier en entrant dans le département de l’Hérault, coule sur les territoires de Claret et de Sauteyrargues, fait mouvoir un moulin à blé dans la première de ces deux communes, et, après un cours de 4 kilomètres, afflue dans le Brestalou, tributaire du Vidourle ou plutôt des étangs de Mauguio et de Repausset."
DT34-03135,"Larzac,",plateau désolé,département de l’Hérault,non,"plateau désolé qui, pour le département de l’Hérault, s’étend des limites de celui de l’Aveyron à la division des communes de Montpeyroux et de la Vacquerie, celle-ci seulement appartenant au Larzac, et de la rivière de Vis à celle de Lergue."
DT34-04936,"Torrent de Sumène,",ruisseau,département de l’Hérault,non,"ruisseau qui prend son origine au-dessus de Sumène (Gard), entre dans le département de l’Hérault par la commune de Ganges, et arrose son territoire, puis ceux de Cazilhac et de la Roque ; enfin, après un cours de 12 kilomètres, ce torrent, ordinairement aride, mais parfois furieux, se précipite dans l’Hérault."
DT34-06459,"Vis (La),",rivière,départements du Gard et de l’Hérault,non,"rivière qui a sa source à Lafoux (Gard), entre la commune de Vissec (Gard) et le hameau de Navacelle (Hérault), sillonne les territoires de Saint-Maurice, Saint-Jean-de-Buéges, Gorniès, sépare celui de Cazilhac d’avec celui de Ganges, limite les départements du Gard et de l’Hérault depuis Navacelle jusqu’à son embouchure dans l’Hérault, à Ganges."
DT34-04097,"Nombringuières (Le),",ruisseau,Dio,34093,"ruisseau qui prend sa source à Dio, passe sur le territoire de Lunas, où il fait mouvoir un moulin à blé, parcourt 4,500 mètres et se perd dans l’Orb."
DT34-04118,"Notre-Dame-de-Corbian,",ancien prieuré,diocèse d’Agde,non,"ancien prieuré, diocèse d’Agde."
DT34-05591,"Saint-Pons-de-Barausam,",ancienne église,diocèse de Béziers,non,"ancienne église du diocèse de Béziers, donnée par Rodoald, évêque de ce diocèse à l’abbaye de Saint-Pons-de-Thomières."
DT34-05688,"Salvianet,",ancien prieuré,diocèse de Béziers,non,"ancien prieuré, diocèse de Béziers."
DT34-05962,"Tenero,",fief,diocèse de Béziers,non,"fief, dans le diocèse de Béziers, donné par le roi Louis d’Outremer à l’abbaye de Saint-Pons."
DT34-00068,"Albairac,",ancien château,diocèse de Lodève,non,ancien château au diocèse de Lodève.
DT34-00114,"Anaia, Anaja,",,diocèse de Lodève,non,au diocèse de Lodève.
DT34-00128,"Angulos,",villa,diocèse de Lodève,non,"villa au diocèse de Lodève ; 804 (cart. Gell. 3 v°, 13 et 16 v°)."
DT34-00131,"Anthora,",villa,diocèse de Lodève,non,"villa au diocèse de Lodève ; 804 (cart. Gell. 3 ; G. christ. VI, inst. c. 265 ; Mabill. Ann. II, 718)."
DT34-01072,"Calmidios,",ancien village,diocèse de Lodève,non,"ancien village du diocèse de Lodève, 804 (cart. Gell. 3 ; G. christ. VI, inst. c. 265 ; Mabill. ann. II, 718)."
DT34-01073,"Catumbo,",manse,diocèse de Lodève,non,"manse au diocèse de Lodève, 987 (cart. Lod. G. christ. VI, inst. c. 269)."
DT34-01161,"Cancollas,",ancienne villa,diocèse de Lodève,non,"ancienne villa, au diocèse de Lodève, in comitatu Lutevensi, 1032 (cart. Gell. 52 v°)."
DT34-01162,"Candejamas,",ancienne villa,diocèse de Lodève,non,"ancienne villa, diocèse de Lodève ; 996 (cart. Gell. 28)."
DT34-01177,"Cantaloup,",ancienne terre,diocèse de Lodève,non,"ancienne terre, diocèse de Lodève."
DT34-01878,"Cumba Putana,",villa,diocèse de Lodève,non,"villa au diocèse de Lodève, in terminio de villa quæ vocatur Candejamas, 996 (cart. Gell. 28)."
DT34-02151,"Destaurac,",,diocèse de Lodève,non,"au diocèse de Lodève, 1116 (cart. Gell. 85 v°)."
DT34-02587,"Garrigue (Notre-Dame-de-la),",ancienne paroisse,diocèse de Lodève,non,ancienne paroisse du diocèse de Lodève.
DT34-03273,"Lieusère-Octon,",ancienne paroisse,diocèse de Lodève,non,ancienne paroisse du diocèse de Lodève.
DT34-05573,"Saint-Pierre-de-la-Fage,",ancienne paroisse,diocèse de Lodève,non,"hameau, commune de Parlatges, ancienne paroisse du diocèse de Lodève, à 685 mètres au-dessus du niveau de la mer."
DT34-00244,"Avenza,",villa,diocèse de Maguelone,non,"villa au diocèse de Maguelone, sur la paroisse d’Agonès, 922 (cart. des comt. de Melgueil ; mss d’Aubaïs, H. L. II, pr. c. 61)."
DT34-01117,"Camp-Atbrand,",ancien bourg,diocèse de Montpellier,non,ancien bourg au diocèse de Montpellier.
DT34-05263,"Sainte-Colombe-de-Nyssargues,",ancienne paroisse,diocèse de Montpellier,non,"ferme, commune de Saint-Geniès-des-Mourgues ; ancienne paroisse du diocèse de Montpellier."
DT34-05846,"Soubeiras,",ancien château et ancienne paroisse,diocèse de Montpellier,non,"ferme, commune de Gorniès, ancien château et ancienne paroisse du diocèse de Montpellier."
DT34-00122,"Anforarias,",villa,diocèse de Saint-Pons,non,"villa, diocèse de Saint-Pons."
DT34-00157,Arisdium,,"diocèses de Nîmes, de Lodève et de Maguelone",non,"située dans les diocèses de Nîmes, de Lodève et de Maguelone, 1283 (G. christ. VI, inst. c. 159)."
DT34-04933,"Rieutor (Le),",ruisseau,domaine de la Liquière,non,"ruisseau qui prend sa source au domaine de la Liquière, commune de Mas-de-Londres, arrose vingt hectares sur les territoires de cette commune et de celle de Saint-Martin-de-Londres, fait mouvoir un moulin à blé, parcourt 6,500 mètres et se jette dans la Malou, affluent de l’Hérault."
DT34-06255,"Vendres (Grau de),",,embouchure de l’Aude,non,à l’embouchure de l’Aude dans la mer.
DT34-05784,"Sérignan (Grau de),",,embouchure de l’Orb,non,embouchure de l’Orb au-dessous de cette commune.
DT34-00620,"Besac,",étang ou palus,Estelle,non,"étang ou palus, limitant autrefois celui de Lattes et confinant avec le mas de l’Estelle."
DT34-02146,"Estaignegue,",partie,étang de Balaruc,non,"partie de l’étang de Balaruc, 1587 (ch. de l’év. de Montp.)."
DT34-04210,"Oulettes (Les),",ruisseau,étang de Balaruc,non,"ruisseau qui arrose la commune de Poussan, court pendant 3 kilomètres et se jette dans la Vène, qui se perd dans l’étang de Balaruc."
DT34-03392,"Maïre (La),",petite rivière,étang de Capestang,non,"petite rivière qui prend sa source à Montady, passe sur les territoires de Colombiers et de Nissan, et, après un cours de 3,800 mètres, se jette dans l’étang de Capestang."
DT34-06225,"Vaques (Les),",ancienne pêcherie,étang de Carnon,non,"ancienne pêcherie dans l’étang de Carnon, commune de Pérols."
DT34-06226,"Vaques (Les),",ancienne pêcherie,étang de Frontignan,non,ancienne pêcherie dans l’étang de Frontignan.
DT34-01693,"Coquillouse,",ancien ,étang de Lattes,non,"ancien Grau (voy. ce mot) dans l’étang de Lattes, entre le grau de Balestras et le lieu dit de la Porquière ou Porquerie."
DT34-00023,"Agde (Cap d’),",pointe,étang de Luno,non,"pointe de Rochelongue, commune d’Agde, en avant de l’étang de Luno, à six kilomètres E. de l’embouchure de l’Hérault."
DT34-02126,"Esclavaux,",île et partie,étang de Maguelone,non,"île et partie de l’étang de Maguelone, commune de Villeneuve-lez-Maguelone."
DT34-04697,"Prévôt (Étang du),",,étang de Maguelone,non,c’est-à-dire du prieur du chapitre cathédral de Montpellier ; c’est le même que l’étang de Maguelone.
DT34-00251,"Avranches,",pêcherie,étang de Mauguio,non,"pêcherie dans l’étang de Mauguio, entre cette commune et celle de Perols."
DT34-03317,"Lombriasque,",pêcherie,étang de Mauguio,non,"pêcherie à l’extrémité S.-E. de l’étang de Mauguio ou de l’Or, 1820 (arch. de l’Hérault, plan des étangs)."
DT34-04152,"Notre-Dame-des-Ports,",ancien port,étang de Mauguio,non,"ancien port sur l’étang de Mauguio, près de Lunel."
DT34-04768,"Rudel,",partie,étang de Mauguio,non,partie du canal des Étangs qui va d’Aigues-Mortes à l’étang de Mauguio.
DT34-04974,"Robine,",ancien canal,étang de Mauguio,non,ancien canal qui conduisait les barques de l’étang de Mauguio au port de Lattes.
DT34-04769,"Radel (Étang du),",partie,étang de Méjan,non,"partie de l’étang de Méjan, au-dessous de Pérols, joignant celui de Mauguio."
DT34-00008,"Abysse,",,étang de Tau,non,"endroit de l’étang de Tau où se jette l’Avène, rivière."
DT34-00126,"Angle (Étang de l’),",partie orientale,étang de Tau,non,"partie orientale de l’étang de Tau, commune de Balaruc ; 1587 (charte de l’év. de Montpellier)."
DT34-05043,"Roquerols,",écueil,étang de Tau,non,"écueil, dans l’étang de Tau, au-dessous de Bouzigues."
DT34-06202,"Valleras,","ferme, redoute, grau",étang de Vendres,non,"ferme, redoute, grau, commune de Sérignan, embouchure de l’Orb dans la Méditerranée et ancienne communication de l’étang de Vendres avec la mer."
DT34-03796,"Monsieur (Pêcherie de),",,étang de Villeneuve-lez-Maguelone,non,"dans l’étang de Villeneuve-lez-Maguelone, 1820 (arch. départ. plan des étangs de l’Hérault)."
DT34-04623,"Poussous (Les),",pêcherie,étang de Villeneuve-lez-Maguelone,non,pêcherie dans l’étang de Villeneuve-lez-Maguelone.
DT34-06272,"Verdinet,",ancienne pêcherie,étang de Villeneuve-lez-Maguelone,non,"ancienne pêcherie dans l’étang de Villeneuve-lez-Maguelone, la même que les Poussous."
DT34-03628,"Mausson (La),",château ruiné,faubourg de Montpellier,34172,"château ruiné sur la rivière du même nom, près de Celleneuve, faubourg de Montpellier."
DT34-03463,"Mare (La),",rivière,fermes d’Olquet et d’Olquette ou d’Orquette,non,"rivière alimentée par plusieurs sources ou ruisseaux naissant les uns au-dessus des fermes d’Olquet et d’Olquette ou d’Orquette, commune de Saint-Geniès-de-Varensal, les autres, sur la commune de Castanet-le-Haut."
DT34-06264,"Verdié (Le),",ruisseau,Fonclare,non,"ruisseau qui prend sa source à Fonclare, commune de Prémian, arrose six hectares sur le territoire de cette commune et sur celui de Saint-Etienne-d'Albagnan et, après 8 kilomètres de cours, se perd dans le Jaur, affluent de l’Orb."
DT34-01164,"Canel (Le),",ruisseau,Galargues,34110,"ruisseau qui prend sa source à Pichardoux, commune de Garrigues, arrose aussi Campagne et Galargues, et, après 10 kilomètres de cours, se jette dans la Bénovie, affluent du Vidourle."
DT34-00109,"Ambrueix,",,Gard,non,"vicus, mutatio, sur la voie domitienne de Nîmes à Substantion, bâti en deçà ou en delà du Vidourle, peut-être même sur les deux rives, à un kilomètre S. de Villetelle, où cette rivière sert de limite au département de l’Hérault et à celui du Gard."
DT34-03889,"la Morie,",petite rivière,garrigues de Côte-Rouge et de Roquemol de Villeveyrac,non,"petite rivière qui prend sa source dans les garrigues de Côte-Rouge et de Roquemol de Villeveyrac, passe sur les territoires de Loupian et de Mèze, fait mouvoir un moulin à blé et se jette dans l’étang de Tau, après avoir parcouru 8,500 mètres."
DT34-06138,"Umbranici,",ancien peuple,Gaule,non,ancien peuple de la Gaule.
DT34-01693,"Coquillouse,",ancien ,grau de Balestras,non,"ancien Grau (voy. ce mot) dans l’étang de Lattes, entre le grau de Balestras et le lieu dit de la Porquière ou Porquerie."
DT34-03171,"Lauret,","hameau, ancienne paroisse",hameau d’Aleyrac,non,"hameau, ancienne paroisse du diocèse de Montpellier, réuni en 1836, avec le hameau d’Aleyrac, à Sauteyrargues, pour former la commune de Sauteyrargues-Lauret-et-Aleyrac, canton de Claret."
DT34-06191,"Valette,",ruisseau,hameau d’Authèze,non,"ruisseau qui a son origine au hameau d’Authèze, commune de Ferrals, arrose quinze hectares sur le territoire de cette commune et sur ceux de Boisset et de la Liviniere, fait aller deux moulins à blé, et, après un cours de 7,800 mètres, se jette dans la Cesse, affluent de l’Aude."
DT34-04960,"Rivanels,",ruisseau,hameau d’Embayran,non,"ruisseau qui a son origine au hameau d’Embayran, commune des Plans, court sur le territoire de Lodève, arrose quatre hectares et, après avoir parcouru 600 mètres, se perd dans la Soulondres, affluent de la Lergue."
DT34-00035,"Agot,",ruisseau,hameau de Baucels,34174,"ruisseau du hameau de Baucels, qui se perd dans l’Hérault."
DT34-04970,"Rivière (Rec de),",ruisseau,hameau de Cantaussel,non,"ruisseau qui a son origine au hameau de Cantaussel, commune de Servian, arrose aussi le territoire d’Abeilhan, court pendant 2 kilomètres et se perd dans la Tongue, affluent de l’Hérault."
DT34-01383,"la Foun,",ruisseau,hameau de Cavenac,34284,ruisseau qui prend sa source au hameau de Cavenac.
DT34-01332,"Cathala,",ferme,hameau de Courgnou,non,"ferme du hameau de Courgnou, commune de Saint-Pons."
DT34-02305,"Feuille (Col de la),",montagne,hameau de Courniou,non,"montagne au S. du hameau de Courniou, commune de Saint-Pons ; hauteur : 480 mètres."
DT34-05654,"Salesses,",moulin,hameau de Courniou,non,"moulin sur la rivière de même nom, près du hameau de Courniou, commune de Saint-Pons."
DT34-05655,"Salesses,",rivière,hameau de Courniou,non,"rivière qui naît au hameau de Courniou (commune de Saint-Pons), arrose dix hectares du territoire de cette ville, fait mouvoir un moulin à blé, parcourt 7,800 mètres et se jette dans le Jaur, affluent de l’Orb."
DT34-00158,"Arles,",ruisseau,hameau de Douch,non,"ruisseau prenant sa source au hameau de Douch, dans la commune de Rosis."
DT34-05940,"Tartuyé,",ruisseau,hameau de Fournes,non,"ruisseau qui commence au hameau de Fournes, commune de Siran, arrose un hectare du territoire de cette commune et, après 4 kilomètres de cours, se perd dans l’Espène, affluent de l’Ognon, qui à son tour débouche dans l’Aude."
DT34-06399,"Vignole (La),",ruisseau,hameau de Mahus,non,"ruisseau qui prend sa source au hameau de Mahus, commune de Riols, arrose douze hectares sur le territoire de cette commune, parcourt 3,800 mètres et se jette dans le Jaur, affluent de l’Orb."
DT34-00623,"Besses,",ruisseau,hameau de Montblanc,non,"ruisseau qui prend sa source au hameau de Montblanc, commune de la Salvetat, court pendant 4,300 mètres, arrose 16 hectares et se jette dans l’Agout, affluent du Tarn."
DT34-05693,"Sanouzel,",ruisseau,hameau de Mouret,non,"ruisseau qui a son origine au hameau de Mouret, commune de Cassagnolles."
DT34-06459,"Vis (La),",rivière,hameau de Navacelle,non,"rivière qui a sa source à Lafoux (Gard), entre la commune de Vissec (Gard) et le hameau de Navacelle (Hérault), sillonne les territoires de Saint-Maurice, Saint-Jean-de-Buéges, Gorniès, sépare celui de Cazilhac d’avec celui de Ganges, limite les départements du Gard et de l’Hérault depuis Navacelle jusqu’à son embouchure dans l’Hérault, à Ganges."
DT34-02660,"Gibret,",mamelon,hameau de Saint-Martin-du-Bosc,non,"mamelon basaltique qui sépare la commune du Bosc-d’Avoiras, ou plutôt le hameau de Saint-Martin-du-Bosc, de la commune de Saint-Guiraud, et au sommet duquel, sur le flanc sud-ouest, était perché un château, devenu un repaire de brigands, célèbre dans la Vie de saint Fulcran et détruit vers la fin du xe siècle."
DT34-03419,"Malou (La),",ruisseau,hameau de Trassapau,non,"ruisseau qui prend sa source au hameau de Trassapau, commune de Joncels, quitte le territoire de cette localité pour parcourir celui de Ceilhes ; dans son cours de 4,500 mètres, il arrose quinze hectares, fait mouvoir un moulin à blé et se perd dans l’Orb."
DT34-06234,"Vasplongues,",ruisseau,hameau de Vasplongues-le-Haut,non,"ruisseau qui naît au hameau de Vasplongues-le-Haut, parcourt 4 kilomètres sur le Lunasterritoire de la commune de  et se jette dans le Gravaison, affluent de l’Orb."
DT34-00370,"Barbarigne,",ruisseau,hameau du Bosc,non,"ruisseau qui prend son origine au hameau du Bosc près de la Valette, passe dans la commune de Lunas, court pendant 3,500 m. arrose un demi-hectare et se perd dans le Gravaisons."
DT34-03674,"Méguillou,",montagne,hameau du Bousquet,non,montagne entre le hameau du Bousquet et la ville de Saint-Gervais ; hauteur : 928 mètres.
DT34-04915,"Rieucros,",ruisseau,hameaux des Besses,non,"ruisseau qui a son origine dans les hameaux des Besses, commune de la Salvetat, parcourt 4,300 mètres sur le territoire de cette commune, 162arrose quatre-vingts hectares, fait aller un moulin à blé et se rend dans l’Agout, affluent du Tarn."
DT34-06471,"Volces,",peuples celtes,haut et bas Languedoc,non,"peuples celtes du haut et bas Languedoc, à l’époque de la conquête romaine."
DT34-05150,"Ruissec,",ruisseau,Hérault,non,"ruisseau qui prend sa source dans le département de l’Aveyron un peu au-dessus de la limite de celui de l’Hérault, passe sur le territoire d’Avène, où il parcourt 5 kilomètres, fait aller un moulin à blé et se perd dans l’Orb."
DT34-04566,"Port-Sarrasin,",ancien port,île de Maguelone,34337,"ancien port de l’île de Maguelone, détruit en 737."
DT34-06459,"Vis (La),",rivière,Lafoux,non,"rivière qui a sa source à Lafoux (Gard), entre la commune de Vissec (Gard) et le hameau de Navacelle (Hérault), sillonne les territoires de Saint-Maurice, Saint-Jean-de-Buéges, Gorniès, sépare celui de Cazilhac d’avec celui de Ganges, limite les départements du Gard et de l’Hérault depuis Navacelle jusqu’à son embouchure dans l’Hérault, à Ganges."
DT34-02121,"Escandorgue,",chaîne de montagne,Larzac,non,"chaîne de montagne dont l’origine est dans la commune des Rives, canton du Caylar ; elle est contiguë au Larzac du côté du S.O."
DT34-03809,"Montagne Noire,",partie,Larzac,non,"partie du Larzac, dans le canton de Lodève."
DT34-00083,Alayrac,hameau,Lauret,non,"hameau réuni en 1836, avec celui de Lauret, à la commune de Sauteyrargues."
DT34-05596,"Saint-Privat-de-Navas,",ancienne église,Lauzières,non,"ancienne église dont on ignore la place et que nous croyons dans la commune de Gignac, comme le hameau de Navas ; mais il pourrait y avoir eu un autre Saint-Privat-de-Navas dans le voisinage de Lauzières et de Malavieille, au canton de Lunas."
DT34-04093,"Nize (La),",rivière,Laval-de-Nise,non,"rivière qui prend sa source à Laval-de-Nise, commune de Lunas, arrose un hectare du territoire de cette commune, parcourt 4 kilomètres, fait mouvoir un moulin à blé et se jette dans le Gravaison, affluent de l’Orb."
DT34-00773,"Bouaïrat,",ruisseau,lieu de Bec-Fraisse,non,"ruisseau qui prend sa source au lieu de Bec-Fraisse, commune de Fraisse, court pendant trois kilomètres, arrose 6 hectares et va se perdre dans l’Agout, affluent du Tarn."
DT34-03428,"Malviès (Le),",ruisseau,lieu de Calvel,non,"ruisseau qui commence au lieu de Calvel, commune d’Olargues, arrose sept hectares sur le territoire de cette commune, où il court pendant 2 kilomètres, et se joint au ruisseau de Rantely, avec lequel il se rend dans le Jaur, affluent de l’Orb."
DT34-00076,"Al-Bouis,",ruisseau,lieu de Jourdou,non,"ruisseau qui prend sa source au lieu de Jourdou, commune de Prémian, arrose trois hectares et se jette dans le Jaur."
DT34-03847,"Montferrand,",château ruiné,Maguelone,non,"château ruiné des évêques de Maguelone, sur la montagne de même nom, dominant Saint-Matthieu-de-Treviers."
DT34-05596,"Saint-Privat-de-Navas,",ancienne église,Malavieille,non,"ancienne église dont on ignore la place et que nous croyons dans la commune de Gignac, comme le hameau de Navas ; mais il pourrait y avoir eu un autre Saint-Privat-de-Navas dans le voisinage de Lauzières et de Malavieille, au canton de Lunas."
DT34-02714,"Septimanie,",royaume,Marche d’Espagne,non,"royaume ainsi nommé des Visigoths, qui l’occupèrent dès le milieu du ve siècle ; érigé en 817 en duché ou gouvernement général, qui comprenait la Marche d’Espagne et la Septimanie, et séparé en deux marquisats différents en 865 (H. L. I)."
DT34-05128,"Rouviéges,",ruisseau,mas d’Ensabre,non,"ruisseau qui prend sa source au mas d’Ensabre, commune d’Aumelas, coule sur les territoires de Vendémian, Puilacher, Plaissan et Bélarga, parcourt 19 kilomètres, fait aller un moulin à blé et se jette dans l’Hérault."
DT34-05993,"Thès (Le),",ruisseau,mas de Mourié,non,"ruisseau qui commence au mas de Mourié, dans la commune de Roqueredonde, dont il arrose le territoire, ainsi que celui de Joncels, alimente neuf hectares et, après avoir couru pendant 14 kilomètres, va enfin se jeter dans l’Orb."
DT34-04852,"Renouard,",montagne,métairie de Cazes,non,"montagne au S. E. de la métairie de Cazes, commune de Montpellier."
DT34-06177,"Crouzat,",ruisseau,métairie de Contournet,non,"ruisseau qui naît près de la métairie de Contournet, commune de Saint-Julien, parcourt 1,350 mètres sur le territoire de cette commune, y arrose trois hectares, fait mouvoir un moulin à blé et se perd dans l’Agout, affluent du Tarn."
DT34-05753,"Sebestrière,",ruisseau,métairie de la Gardiolle,non,"ruisseau qui prend sa source à la métairie de la Gardiolle, au col de Mourgis, commune de Ceilhes-et-Rocozels, parcourt 5 kilomètres, fait mouvoir un moulin à blé, arrose douze hectares sur le territoire de cette commune et se jette dans l’Orb."
DT34-04287,"Pas-Ferrier,",ruisseau,métairie de la Vabre,non,"ruisseau qui prend sa source au lieu appelé Poujouli, près de la métairie de la Vabre, commune de Claret, court pendant 4,600 mètres sur le territoire de cette commune, fait aller un moulin à blé et se jette dans le Gorniès, affluent du Brestalou, tributaire du Vidourle."
DT34-06290,"Vernazobre,",ruisseau,métairie de Salettes,non,"ruisseau qui a son origine à la métairie de Salettes, commune de Cassagnolles, où il arrose quatre hectares dans son cours de 2 kilomètres."
DT34-05868,"Soulondres (La),",rivière,métairie du Pertus,non,"rivière qui prend sa source à la métairie du Pertus, commune des Plans, traverse les territoires de cette commune et de celles d’Olmet-et-Villecun et de Lodeve ; fait mouvoir six usines, arrose soixante-cinq hectares, parcourt 10,500 mètres et se jette dans la Lergue, affluent de l’Hérault."
DT34-05035,"Roque-Toumbade,",hauteur,mont Ortus,non,"hauteur détachée du mont Ortus, commune de Saint-Martin-de-Londres ; 153 mètres."
DT34-00075,"Albine,",ruisseau,montagne de Caroux,non,"ruisseau qui prend son origine sur la montagne de Caroux, commune de Colombières, fait mouvoir un moulin à huile, arrose deux hectares dans son cours de cinq kilomètres et se perd dans l’Orb."
DT34-06388,"Vieussan,",rivière,montagne de Vieussan,non,"rivière qui sort d’une fontaine au pied de la montagne de Vieussan, à 2 kilomètres de Roquebrun, et se rend dans l’Orb (Catel, Mém. 171) ; Astruc (Mém. pour l’Hist. nat. de Lang. 397)."
DT34-04767,"Rabieux,",ruisseau,montagne des Deux-Vierges,non,"ruisseau qui prend sa source dans la montagne des Deux-Vierges, commune de Saint-Jean-de-la-Blaquière, parcourt 5 kilomètres sur le territoire de cette commune et se perd dans la Lergue."
DT34-04174,"Ognon,",rivière,montagnes de Félines,34097,"rivière qui prend sa source sur les montagnes de Félines, traverse le territoire de cette commune et ceux de la Liviniere, d’Olonzac et de Siran."
DT34-06374,"Vidourle (Le),",rivière,montagnes des Basses-Cévennes,non,"rivière qui a ses sources dans les montagnes des Basses-Cévennes, près de Sauve (Gard)."
DT34-03647,"Mazernes,",ancien château,Montcamel,non,"ancien château dans le voisinage d’Aumelas et du Montcamel, commune de Gignac."
DT34-00198,"Aubanel,",ruisseau,Moulès,34174,"ruisseau qui prend son origine à Moulès, court pendant 4 kilomètres sur le territoire de cette commune et sur celui de la Roque et se perd dans l’Hérault."
DT34-00908,"Brestalou,",rivière,moulin de Lafoux,non,"rivière qui prend sa source au moulin de Lafoux, commune de Saint-Clément, passe sur les territoires de Sauteyrargues, Vacquières, Claret, fait mouvoir deux usines à blé, et, après un cours de 5 kilomètres, se jette dans le Vidourle."
DT34-02933,"Ilette,",petite île,moulins de Bagnols,non,"petite île dans l’Orb, au-dessus des moulins de Bagnols, commune de Béziers, où, sous Charles IX, les religionnaires de cette ville se réunissaient pour leur culte (Andoque, Catal. des évêq. 1096)."
DT34-04557,"Serme,",ruines d’un pont,Narbonne,non,par corruption de Pons Septimus : ruines d’un pont établi par les Romains pour la communication de Narbonne à Beziers.
DT34-02389,"Font-Vive,",ruisseau,Navaret,non,ruisseau qui se joint au Navaret.
DT34-03110,"des Deux-Mers,",,Océan,non,parce qu’il joint la Méditerranée à l’Océan.
DT34-00244,"Avenza,",villa,paroisse d’Agonès,34005,"villa au diocèse de Maguelone, sur la paroisse d’Agonès, 922 (cart. des comt. de Melgueil ; mss d’Aubaïs, H. L. II, pr. c. 61)."
DT34-01525,"Cissan,",hameau,paroisse de Nizas,non,"hameau, commune de Nizas ; autrefois réuni à la paroisse de Nizas, ancien diocèse de Béziers."
DT34-01105,"Cammal,",anc. hospice ou manse,paroisse de Saint-Jean-de-Buéges,34264,"anc. hospice ou manse, dans la paroisse de Saint-Jean-de-Buéges."
DT34-03423,"Malpertrat,",ancien mansus,Peyrescanes,non,"ancien mansus entre ceux de Calages et de Peyrescanes, commune de Viols-en-Laval."
DT34-01164,"Canel (Le),",ruisseau,Pichardoux,non,"ruisseau qui prend sa source à Pichardoux, commune de Garrigues, arrose aussi Campagne et Galargues, et, après 10 kilomètres de cours, se jette dans la Bénovie, affluent du Vidourle."
DT34-04459,"Pioch-de-Bosse-Nègre,",montagne,Pioch-Camp,non,montagne voisine de celle de Pioch-Camp et faisant partie de la même chaîne.
DT34-04460,"Pioch-d’Escarri,",montagne,Pioch-Camp,non,montagne rapprochée de celles de Pioch-Camp et de Pioch-de-Bosse-Nègre et dépendant de la même chaîne.
DT34-04460,"Pioch-d’Escarri,",montagne,Pioch-de-Bosse-Nègre,non,montagne rapprochée de celles de Pioch-Camp et de Pioch-de-Bosse-Nègre et dépendant de la même chaîne.
DT34-01523,"Cinq-Frères (Les),",rochers,plateau du Larzac,non,"rochers, près du sommet de la côte d’Arboras, sur le plateau du Larzac."
DT34-04712,"Prunarède (La),",bois,plateau du Larzac,non,"bois sur le plateau du Larzac, au nord-ouest de Saint-Maurice, où se trouve un dolmen à la hauteur de 627 mètres."
DT34-01693,"Coquillouse,",ancien ,Porquerie,non,"ancien Grau (voy. ce mot) dans l’étang de Lattes, entre le grau de Balestras et le lieu dit de la Porquière ou Porquerie."
DT34-01693,"Coquillouse,",ancien ,Porquière,non,"ancien Grau (voy. ce mot) dans l’étang de Lattes, entre le grau de Balestras et le lieu dit de la Porquière ou Porquerie."
DT34-04974,"Robine,",ancien canal,port de Lattes,non,ancien canal qui conduisait les barques de l’étang de Mauguio au port de Lattes.
DT34-02789,"Granier,",écart,port Juvénal,non,"écart au port Juvénal, commune de Montpellier, sect. E."
DT34-02813,"Grave (De),",écart,port Juvénal,non,"écart au port Juvénal, commune de Montpellier, sect. D."
DT34-03260,"Lez (Le),",rivière,port Juvénal,non,"rivière qui prend sa source dans la commune de Saint-Clément, coule du nord au sud à travers 94les territoires de Saint-Clément, Montferrier, Castelnau, Montpellier, Lattes, se canalise au port Juvénal, coupe le canal des Étangs et débouche dans la mer par le grau du Lez ou de Palavas : d’où il suit que le canal du grau du Lez s’étend par 1,500 mètres de la croisière du canal des Étangs jusqu’à la mer."
DT34-02524,"Source des Moulins,",ruisseau,Pouzoles,34214,"ruisseau qui naît sur le territoire de Gabian, passe sur celui de Pouzoles, fait marcher quatre usines, arrose quatre hectares et, après un cours de 1,300 mètres, se jette dans la Tongue, affluent de l’Hérault."
DT34-03190,"Lauzelle,",ruisseau,Praday,non,"ruisseau qui prend sa source au Praday, commune de Saint-Bauzille-de-la-Silve, qu’il laisse pour traverser celles de Popian et de Gignac."
DT34-02735,"Gournier (Le),",ruisseau,quartier de Vallongue,non,"ruisseau qui prend sa source au quartier de Vallongue, commune de Ferrières (canton de Claret), où il fait aller un moulin à blé, parcourt 11 kilomètres, arrose cinquante hectares sur les territoires de Ferrières, de Notre-Dame-de-Londres, de Rouet et de Saint-Martin-de-Londres, et se jette dans la Malou, affluent de l’Hérault."
DT34-00034,"Agout,",rivière,Rec-d’Agout,non,"rivière qui prend sa source au Rec-d’Agout, commune de Saint-Julien, traverse les territoires de Fraisse et de la Salvetat, fait mouvoir quinze usines, arrose quatre-vingt-dix hectares et, après un cours de 34 kilomètres, se jette dans le Tarn."
DT34-05879,"Sourlan,",ruisseau,Rec-del-Saut,non,"ruisseau qui prend sa source au Rec-del-Saut, commune de Joncels, arrose dix hectares sur le territoire de cette commune et, après avoir parcouru 2,450 mètres, se jette dans le Gravaison, affluent de l’Orb."
DT34-03179,"Lauzonnet,",ruisseau,Roc-de-Label,non,"ruisseau qui a son origine au Roc-de-Label, commune de Lauroux, d’où il se rend dans les territoires de Poujols et de Lodève."
DT34-00098,"Alzon,",ruisseau,roches de Valette,non,"ruisseau qui prend sa source aux roches de Valette (commune de Montoulieu), traverse le territoire de cette commune et celui de Saint-Bauzille-de-Putois, fait mouvoir un moulin à blé dans cette dernière localité, arrose un hectare, court pendant 8,600 mètres et se perd dans l’Hérault."
DT34-04005,"Mourgis (Pic),",montagne,Rocozels,non,"montagne, commune de Ceilhes-et-Rocozels, au nord-ouest de Ceilhes, à un quart d’heure de Rocozels."
DT34-00198,"Aubanel,",ruisseau,Roque,34128,"ruisseau qui prend son origine à Moulès, court pendant 4 kilomètres sur le territoire de cette commune et sur celui de la Roque et se perd dans l’Hérault."
DT34-04936,"Torrent de Sumène,",ruisseau,Roque,34128,"ruisseau qui prend son origine au-dessus de Sumène (Gard), entre dans le département de l’Hérault par la commune de Ganges, et arrose son territoire, puis ceux de Cazilhac et de la Roque ; enfin, après un cours de 12 kilomètres, ce torrent, ordinairement aride, mais parfois furieux, se précipite dans l’Hérault."
DT34-01873,"Cruzy,",rivière,Roquefourcade,non,"rivière qui naît à Roquefourcade, dans la commune de Quarante, traverse le territoire de Cruzy, arrose 70 hectares, fait mouvoir un moulin à blé et, après un cours de 4 kilomètres, se perd dans l’étang de Capestang."
DT34-00174,"Arrière (L’),",ruisseau,Saint-Clément-des-Rivières,34247,"ruisseau qui prend sa source à Saint-Clément-des-Rivières, passe à Grabels et, après 8 kilomètres de cours, va se perdre dans le Merdanson sur le territoire de Montpellier."
DT34-00912,"Brèze,",rivière,Saint-Étienne-de-Gourgas,34251,"rivière qui prend son nom à Saint-Étienne-de-Gourgas, au confluent des fontaines de Gourgas et des ruisseaux de Primelle et d’Aubaigne."
DT34-06455,"Viredonne,",ruisseau,Saint-Geniès,34251,"ruisseau qui prend naissance dans la commune de Restinclières, passe sur celles de Saint-Geniès, Valergues, Lunel-Viel, Saint-Nazaire, arrose trois hectares, parcourt 14,700 mètres et se perd dans l’étang de Mauguio."
DT34-00470,"Baussou,",rivière,Saint-Geniès-le-Haut,34257,"rivière qui prend sa source à Saint-Geniès-le-Haut, passe à Castanet, parcourt 9,500 mètres, fait marcher cinq usines, arrose 25 hectares et se jette dans la Mare, affluent de l’Orb."
DT34-06246,"Vedel (Le),",ruisseau,Saint-Hilaire,34263,"ruisseau qui prend sa source dans la commune de Montaud, arrose son territoire et ceux de Saint-Hilaire et de Saint-Jean-de-Bueges et, après avoir couru pendant 6 kilomètres, se jette dans la Bénovie, affluent de l’étang de Mauguio."
DT34-04199,"Orb (L’),",rivière,Saint-Martin-de-l’Arçon,34273,"rivière qui prend sa source à l’est et au-dessus de Mézérens, commune de Romiguières, court, dans l’arrondissement de Lodève, sur les territoires de Romiguières, Roqueredonde, Avène, Joncels, Lunas, Dio et Valquières, et fait mouvoir dans cet arrondissement neuf moulins ou usines, pénètre dans l’arrondissement de Béziers, entre les cantons de Saint-Gervais et de Bédarieux, et serpente sur les communes de Camplong, Boussagues, Bédarieux, Mourcairol, Hérépian, le Poujol, où elle quitte cet arrondissement pour passer dans celui de Saint-Pons : elle y traverse Colombieres, Saint-Martin-de-l’Arçon, Mons, Vieussan, Roquebrun, Cessenon, et y fait marcher dix usines ; enfin, elle rentre dans l’arrondissement de Béziers, court sur les territoires de Murviel, Thézan, Cazouls-lez-Béziers, Lignan, Maraussan, Béziers, Sauvian, Sérignan."
DT34-05642,"Salagou,",rivière,Saint-Martin-des-Combes,34186,"rivière qui a sa source au col de la Melquière, commune de Brenas ; grossie des courants d’eau venant de Saint-Martin-des-Combes, d’Octon, de Liausson et de Salasc, elle arrose les territoires de Brénas, Saint-Martin-des-Combes, Octon, Celles, Lacoste, Clermont, fait mouvoir deux moulins à blé à Octon, et, après avoir parcouru 18 kilomètres, se jette enfin dans la Lergue."
DT34-02135,"Espène,",rivière,Saint-Michel,non,"rivière dont l’origine se trouve à Saint-Michel, ferme de la commune de Siran."
DT34-06455,"Viredonne,",ruisseau,Saint-Nazaire,34280,"ruisseau qui prend naissance dans la commune de Restinclières, passe sur celles de Saint-Geniès, Valergues, Lunel-Viel, Saint-Nazaire, arrose trois hectares, parcourt 14,700 mètres et se perd dans l’étang de Mauguio."
DT34-03831,"Montcamel,",chaîne de collines,Saint-Paul-de-Montcamel,non,"chaîne de collines longeant la rivière d’Hérault, au midi de Saint-Guillem-du-Desert, jusqu’à Aumelas et Saint-Paul-de-Montcamel."
DT34-03833,"Montcarmel,",ferme,Saint-Paul-de-Montcamel,34282,"ferme, commune d’Aumelas, entre cette commune et celle de Saint-Paul-de-Montcamel."
DT34-00176,"Artenac,",montagne,Saint-Pons,34284,"montagne de Saint-Pons ; hauteur : 1,036 mètres."
DT34-02401,"Foncaude,",ancienne abbaye d’hommes,Saint-Pons,non,"ancienne abbaye d’hommes, de l’ordre de Prémontré, à 16 kilomètres S. E. de Saint-Pons."
DT34-03473,"Margue (La),",ruisseau,Saint-Pons,34284,"ruisseau qui a son origine au lieu dit la Comberègne, commune de Riols, parcourt 6 kilomètres sur le territoire de cette commune et sur celui de Saint-Pons, arrose seize hectares et se perd dans le Jaur, affluent de l’Orb."
DT34-04176,"Olargues,",arrondissement,Saint-Pons,non,arrondissement de Saint-Pons.
DT34-04189,"Olonzac,",arrondissement,Saint-Pons,non,arrondissement de Saint-Pons.
DT34-04199,"Orb (L’),",rivière,Saint-Pons,non,"rivière qui prend sa source à l’est et au-dessus de Mézérens, commune de Romiguières, court, dans l’arrondissement de Lodève, sur les territoires de Romiguières, Roqueredonde, Avène, Joncels, Lunas, Dio et Valquières, et fait mouvoir dans cet arrondissement neuf moulins ou usines, pénètre dans l’arrondissement de Béziers, entre les cantons de Saint-Gervais et de Bédarieux, et serpente sur les communes de Camplong, Boussagues, Bédarieux, Mourcairol, Hérépian, le Poujol, où elle quitte cet arrondissement pour passer dans celui de Saint-Pons : elle y traverse Colombieres, Saint-Martin-de-l’Arçon, Mons, Vieussan, Roquebrun, Cessenon, et y fait marcher dix usines ; enfin, elle rentre dans l’arrondissement de Béziers, court sur les territoires de Murviel, Thézan, Cazouls-lez-Béziers, Lignan, Maraussan, Béziers, Sauvian, Sérignan."
DT34-04612,"Pouséranques (Las),",ruisseau,Saint-Pons,34284,"ruisseau qui naît au-dessus du lieu appelé Bâous de Marthomis (Saint-Pons), parcourt 7 kilomètres sur le territoire de cette commune, fait mouvoir deux usines, arrose 20 hectares et se jette dans la rivière de Salesses, affluent du Jaur."
DT34-05239,"Saint-Chinian,",arrondissement,Saint-Pons,non,arrondissement de Saint-Pons.
DT34-05481,"Saint-Martin-de-Lez,",abbaye,Saint-Pons,non,abbaye unie à celle de Saint-Pons en 1070.
DT34-05687,"Salvetat (La),",arrondissement,Saint-Pons,non,arrondissement de Saint-Pons.
DT34-06005,"Thoré (Le),",ruisseau,Saint-Pons,34284,"ruisseau qui prend sa source au lieu que l’on appelle la Croix-du-Jubilé, commune de Rieussec, arrose 35 hectares des terrains de cette commune et de celle de Saint-Pons, fait marcher deux usines et, après un cours de 5,200 mètres, va se perdre dans l’Agout, affluent du Tarn."
DT34-01808,"las Vals,",ruisseau,Saint-Vincent,34291,"ruisseau qui prend sa source dans la commune de Fraisse et coule sur le territoire de celle de Saint-Vincent, canton d’Olargues."
DT34-04791,"Rantely,",ruisseau,Saint-Vincent,34291,"ruisseau qui prend sa source au lieu dit la Salle, commune d’Olargues, parcourt le territoire de cette commune et celui de Saint-Vincent, arrose 12 hectares, fait mouvoir un moulin à blé et, après un cours de 5,400 mètres, se jette dans le Jaur, affluent de l’Orb."
DT34-03155,"Lauberne,",sommet,Salagou,non,"sommet d’un chaînon du système du Salagou, entre Clermont-l’Hérault et Lodeve ; élévation : 340 mètres au-dessus du niveau de la mer."
DT34-05805,"Séverou,",chaînon du système de montagnes,Salagou,non,"chaînon du système de montagnes du Salagou, entre Clermont et Lodeve."
DT34-05902,"Sûres (Mont),",vallée,Salagou,non,"vallée du Salagou, entre Clermont et Lodeve."
DT34-00892,"Moure,",ruisseau,Saumail,non,"ruisseau qui a son origine au Saumail, dans le bois communal appelé Brâous de Brassac, commune de Saint-Pons, parcourt 6 kilomètres, arrose vingt hectares, fait marcher quatre usines et se jette dans le Jaur, affluent de l’Orb."
DT34-03171,"Lauret,","hameau, ancienne paroisse",Sauteyrargues,non,"hameau, ancienne paroisse du diocèse de Montpellier, réuni en 1836, avec le hameau d’Aleyrac, à Sauteyrargues, pour former la commune de Sauteyrargues-Lauret-et-Aleyrac, canton de Claret."
DT34-02714,"Septimanie,",royaume,Septimanie,non,"royaume ainsi nommé des Visigoths, qui l’occupèrent dès le milieu du ve siècle ; érigé en 817 en duché ou gouvernement général, qui comprenait la Marche d’Espagne et la Septimanie, et séparé en deux marquisats différents en 865 (H. L. I)."
DT34-00109,"Ambrueix,",,Substantion,non,"vicus, mutatio, sur la voie domitienne de Nîmes à Substantion, bâti en deçà ou en delà du Vidourle, peut-être même sur les deux rives, à un kilomètre S. de Villetelle, où cette rivière sert de limite au département de l’Hérault et à celui du Gard."
DT34-00592,"Bernatis,",ancienne villa,Substantion,non,"ancienne villa, dans le comté de Substantion, 960 (arch. de l’abb. de Montmajour ; Mabill. ad ann. 960, n. 33)."
DT34-01100,"Cami dé la Mounéda,",partie de la voie Domitienne,Substantion,non,"partie de la voie Domitienne qui menait du Pons ærarius, sur la rivière du Lez, à Substantion (itiner. Burdig.)."
DT34-02429,"Forum Domitii,",,Substantion,non,"d’après les anciens itinéraires de Bordeaux et d’Antonin et la carte de Peutinger (Forum Domiti, sur des vases du musée du Collége romain), était placé entre Substantion et Saint-Thibery."
DT34-00047,"Aignes,",étang,Tau,non,"Aquæ, étang faisant partie de celui de Tau, commune de Frontignan."
DT34-04606,"Pourquier (Rec),",ruisseau,Taussac,34308,"ruisseau qui prend sa naissance à Taussac, passe sur le territoire d’Hérépian, court pendant 1 kilomètre, fait mouvoir un moulin à blé, arrose un hectare et se perd dans l’Orb."
DT34-05963,"Teronnan,",ruisseau,tènement de Gardies,non,"ruisseau qui naît au tènement de Gardies, commune de Roqueredonde, parcourt 2,500 mètres sur le territoire de cette commune et se perd dans le Thès, affluent de l’Orb."
DT34-01572,"Clédou (Le),",ruisseau,terres de Boussagues,non,"ruisseau qui commence à paraître dans la commune de Camplong, d’où il passe sur les terres de Boussagues, parcourt 6 kilomètres, fait mouvoir deux moulins à blé et se perd dans la Mare, affluent de l’Orb."
DT34-02744,"Gouyrs (Les),",ruisseau,territoires d’Alignan et d’Abeilhan,non,"ruisseau qui parcourt pendant 2 kilomètres les territoires d’Alignan et d’Abeilhan et se perd dans la Thongue, affluent de l’Hérault."
DT34-01746,"Colazon,",rivière,"territoires d’Argelliers, Saint-Paul, Murviel, Saint-Georges, Cournonterral, Pignan, Saussan, Fabrègues",non,"rivière qui prend sa source dans le bois des Taillades de Gignac, arrose cinquante hectares sur les territoires d’Argelliers, Saint-Paul, Murviel, Saint-Georges, Cournonterral, Pignan, Saussan, Fabrègues, et se jette dans la Mosson, après avoir parcouru plus de 16 kilomètres."
DT34-04054,"Baissan,",ruisseau,"territoires de Béziers, de Sauvian et de Sérignan",non,"ruisseau qui traverse les territoires de Béziers, de Sauvian et de Sérignan, reçoit le ruisseau de Fontvive et se perd dans l’Orb."
DT34-05642,"Salagou,",rivière,"territoires de Brénas, Saint-Martin-des-Combes, Octon, Celles, Lacoste, Clermont",non,"rivière qui a sa source au col de la Melquière, commune de Brenas ; grossie des courants d’eau venant de Saint-Martin-des-Combes, d’Octon, de Liausson et de Salasc, elle arrose les territoires de Brénas, Saint-Martin-des-Combes, Octon, Celles, Lacoste, Clermont, fait mouvoir deux moulins à blé à Octon, et, après avoir parcouru 18 kilomètres, se jette enfin dans la Lergue."
DT34-03420,"Malou (La),",ruisseau,"territoires de Brissac, de Notre-Dame-de-Londres et de Saint-Martin-de-Londres",non,"ruisseau qui a son origine dans la commune de Rouet, passe sur les territoires de Brissac, de Notre-Dame-de-Londres et de Saint-Martin-de-Londres."
DT34-01459,"Cesse (La),",rivière,"territoires de Cassagnolles, la Livinière, Cesseras, Azillanet, Minerve, la Caunette, Aigues-Vives et Agel",non,"rivière qui prend sa source dans la commune de Ferrals et parcourt les territoires de Cassagnolles, la Livinière, Cesseras, Azillanet, Minerve, la Caunette, Aigues-Vives et Agel."
DT34-02711,"Gorniès (Le),",rivière,territoires de Claret et de Sauteyrargues,non,"rivière qui commence à Corconne (Gard), reçoit le ruisseau de Pas-Ferrier en entrant dans le département de l’Hérault, coule sur les territoires de Claret et de Sauteyrargues, fait mouvoir un moulin à blé dans la première de ces deux communes, et, après un cours de 4 kilomètres, afflue dans le Brestalou, tributaire du Vidourle ou plutôt des étangs de Mauguio et de Repausset."
DT34-03392,"Maïre (La),",petite rivière,territoires de Colombiers et de Nissan,non,"petite rivière qui prend sa source à Montady, passe sur les territoires de Colombiers et de Nissan, et, après un cours de 3,800 mètres, se jette dans l’étang de Capestang."
DT34-03305,"Liron,",rivière,"territoires de Creissan, Puisserguier, Maraussan, Maureilhan et Béziers",non,"rivière qui a son origine dans la commune de Villespassans ; de là son cours, de 20,800 mètres de l’O. à l’E., traverse les territoires de Creissan, Puisserguier, Maraussan, Maureilhan et Béziers, où il se joint à l’Orb."
DT34-02735,"Gournier (Le),",ruisseau,"territoires de Ferrières, de Notre-Dame-de-Londres, de Rouet et de Saint-Martin-de-Londres",non,"ruisseau qui prend sa source au quartier de Vallongue, commune de Ferrières (canton de Claret), où il fait aller un moulin à blé, parcourt 11 kilomètres, arrose cinquante hectares sur les territoires de Ferrières, de Notre-Dame-de-Londres, de Rouet et de Saint-Martin-de-Londres, et se jette dans la Malou, affluent de l’Hérault."
DT34-00034,"Agout,",rivière,territoires de Fraisse et de la Salvetat,non,"rivière qui prend sa source au Rec-d’Agout, commune de Saint-Julien, traverse les territoires de Fraisse et de la Salvetat, fait mouvoir quinze usines, arrose quatre-vingt-dix hectares et, après un cours de 34 kilomètres, se jette dans le Tarn."
DT34-01026,"Cadoule (La),",rivière,"territoires de Guzargues, Castries, Vendargues, Mauguio",non,"rivière qui prend sa source dans la commune de Montaud, passe sur les territoires de Guzargues, Castries, Vendargues, Mauguio, court pendant 21 kilomètres, fait aller un moulin et se jette dans l’étang de Mauguio."
DT34-04770,"rivière du Puech,",ruisseau,"territoires de la Valette, d’Olmet-et-Villecun, du Puech",non,"ruisseau qui prend sa source au lieu dit le Bosc, commune de la Valette, parcourt les territoires de la Valette, d’Olmet-et-Villecun, du Puech."
DT34-05100,"Roupelingue,",ruisseau,territoires de Lacoste et de Clermont,non,"ruisseau qui prend naissance près de la limite des territoires de Lacoste et de Clermont, parcourt ces deux communes pendant 6 kilomètres environ, fait marcher cinq usines, arrose dix-sept hectares et se jette dans la Lergue, affluent de l’Hérault."
DT34-03889,"la Morie,",petite rivière,territoires de Loupian et de Mèze,non,"petite rivière qui prend sa source dans les garrigues de Côte-Rouge et de Roquemol de Villeveyrac, passe sur les territoires de Loupian et de Mèze, fait mouvoir un moulin à blé et se jette dans l’étang de Tau, après avoir parcouru 8,500 mètres."
DT34-00241,"Avène,",rivière,"territoires de Montbazin, Gigean, Poussan",non,"rivière qui prend sa source au lieu dit Grémian, commune de Cournonsec, passe sur les territoires de Montbazin, Gigean, Poussan, et se jette dans l’étang de Balaruc entre les bains de cette commune et Bouzigues."
DT34-03301,"Lironde (La),",rivière,territoires de Montferrier et de Montpellier,non,"rivière qui prend sa source dans la commune de Saint-Clément-des-Rivières, passe entre les territoires de Montferrier et de Montpellier et se jette dans le Lez entre Clapiers et Castelnau."
DT34-04199,"Orb (L’),",rivière,"territoires de Murviel, Thézan, Cazouls-lez-Béziers, Lignan, Maraussan, Béziers, Sauvian, Sérignan",non,"rivière qui prend sa source à l’est et au-dessus de Mézérens, commune de Romiguières, court, dans l’arrondissement de Lodève, sur les territoires de Romiguières, Roqueredonde, Avène, Joncels, Lunas, Dio et Valquières, et fait mouvoir dans cet arrondissement neuf moulins ou usines, pénètre dans l’arrondissement de Béziers, entre les cantons de Saint-Gervais et de Bédarieux, et serpente sur les communes de Camplong, Boussagues, Bédarieux, Mourcairol, Hérépian, le Poujol, où elle quitte cet arrondissement pour passer dans celui de Saint-Pons : elle y traverse Colombieres, Saint-Martin-de-l’Arçon, Mons, Vieussan, Roquebrun, Cessenon, et y fait marcher dix usines ; enfin, elle rentre dans l’arrondissement de Béziers, court sur les territoires de Murviel, Thézan, Cazouls-lez-Béziers, Lignan, Maraussan, Béziers, Sauvian, Sérignan."
DT34-03179,"Lauzonnet,",ruisseau,territoires de Poujols et de Lodève,non,"ruisseau qui a son origine au Roc-de-Label, commune de Lauroux, d’où il se rend dans les territoires de Poujols et de Lodève."
DT34-04668,"Praignan (Rec de),",ruisseau,territoires de Pouzoles et d’Abeilhan,non,"ruisseau qui coule sur les territoires de Pouzoles et d’Abeilhan et se perd dans la Thongue, affluent de l’Hérault."
DT34-03227,"Lène (La),",ruisseau,"territoires de Pouzolles, de Magalas, de Coulobres et de Servian",non,"ruisseau qui prend sa source à Fouzilhon, passe sur les territoires de Pouzolles, de Magalas, de Coulobres et de Servian, court pendant 7 kilomètres, fait aller un moulin à blé et se jette dans la Tongue, affluent de l’Hérault, par la rive droite."
DT34-02097,"Engarrière,",ruisseau,territoires de Romiguières et de Roqueredonde,non,"ruisseau qui prend sa source au lieu dit la Sergine de l’Engarrière, coule sur les territoires de Romiguières et de Roqueredonde, en parcourant 2,500 mètres, arrose vingt-sept hectares, fait aller trois usines et se perd dans l’Orb."
DT34-04199,"Orb (L’),",rivière,"territoires de Romiguières, Roqueredonde, Avène, Joncels, Lunas, Dio et Valquières",non,"rivière qui prend sa source à l’est et au-dessus de Mézérens, commune de Romiguières, court, dans l’arrondissement de Lodève, sur les territoires de Romiguières, Roqueredonde, Avène, Joncels, Lunas, Dio et Valquières, et fait mouvoir dans cet arrondissement neuf moulins ou usines, pénètre dans l’arrondissement de Béziers, entre les cantons de Saint-Gervais et de Bédarieux, et serpente sur les communes de Camplong, Boussagues, Bédarieux, Mourcairol, Hérépian, le Poujol, où elle quitte cet arrondissement pour passer dans celui de Saint-Pons : elle y traverse Colombieres, Saint-Martin-de-l’Arçon, Mons, Vieussan, Roquebrun, Cessenon, et y fait marcher dix usines ; enfin, elle rentre dans l’arrondissement de Béziers, court sur les territoires de Murviel, Thézan, Cazouls-lez-Béziers, Lignan, Maraussan, Béziers, Sauvian, Sérignan."
DT34-01778,"Courchant,",ruisseau,territoires de Saint-Christol et de Saint-Seriès,non,"ruisseau qui prend son origine dans la commune de Boisseron, passe sur les territoires de Saint-Christol et de Saint-Seriès et, après un cours d’environ 12 kilomètres, se jette dans le Vidourle."
DT34-03260,"Lez (Le),",rivière,"territoires de Saint-Clément, Montferrier, Castelnau, Montpellier, Lattes",non,"rivière qui prend sa source dans la commune de Saint-Clément, coule du nord au sud à travers 94les territoires de Saint-Clément, Montferrier, Castelnau, Montpellier, Lattes, se canalise au port Juvénal, coupe le canal des Étangs et débouche dans la mer par le grau du Lez ou de Palavas : d’où il suit que le canal du grau du Lez s’étend par 1,500 mètres de la croisière du canal des Étangs jusqu’à la mer."
DT34-01279,"Cassaderon (Le),",ruisseau,"territoires de Saint-Georges, Pignan, Lavérune",non,"ruisseau qui prend sa source dans la commune de Murviel, e) de Montpelliercanton(3, traverse les territoires de Saint-Georges, Pignan, Lavérune, arrose cinq hectares et, après un cours de 11,200 mètres, se jette dans la Mausson, affluent du Lez."
DT34-04884,"Ribansol,",ruisseau,"territoires de Saint-Hilaire, Buzignargues, Galargues",non,"ruisseau qui a son origine dans la commune de Montaud, arrose en outre les territoires de Saint-Hilaire, Buzignargues, Galargues, et, après 8 kilomètres environ de cours, se jette dans la Bénovie, affluent du Vidourle."
DT34-05970,"Terrieu,",ruisseau,"territoires de Saint-Matthieu-de-Tréviers, de Saint-Jean-de-Cuculles et du Triadou",non,"ruisseau qui prend sa source dans la commune de Valflaunès, arrose les territoires de Saint-Matthieu-de-Tréviers, de Saint-Jean-de-Cuculles et du Triadou, et, après un cours d’environ 8 kilomètres, se jette au-dessous de cette dernière commune dans le Lirou, affluent du Lez."
DT34-06459,"Vis (La),",rivière,"territoires de Saint-Maurice, Saint-Jean-de-Buéges, Gorniès",non,"rivière qui a sa source à Lafoux (Gard), entre la commune de Vissec (Gard) et le hameau de Navacelle (Hérault), sillonne les territoires de Saint-Maurice, Saint-Jean-de-Buéges, Gorniès, sépare celui de Cazilhac d’avec celui de Ganges, limite les départements du Gard et de l’Hérault depuis Navacelle jusqu’à son embouchure dans l’Hérault, à Ganges."
DT34-01894,"Dardaillon (Le),",rivière,"territoires de Saint-Seriès, Vérargues, Lunel-Viel, Saint-Just, Saint-Nazaire",non,"rivière qui naît dans la commune de Restinclières, parcourt les territoires de Saint-Seriès, Vérargues, Lunel-Viel, Saint-Just, Saint-Nazaire, court pendant 13 kilomètres et arrose six hectares."
DT34-00943,"Brue,",ruisseau,territoires de Saussan et de Fabrègues,non,"ruisseau, commune de Pignan, où il prend sa source ; traverse les territoires de Saussan et de Fabrègues, arrose cinquante hectares et se perd dans la Mausson, qui afflue dans le Lez."
DT34-00908,"Brestalou,",rivière,"territoires de Sauteyrargues, Vacquières, Claret",non,"rivière qui prend sa source au moulin de Lafoux, commune de Saint-Clément, passe sur les territoires de Sauteyrargues, Vacquières, Claret, fait mouvoir deux usines à blé, et, après un cours de 5 kilomètres, se jette dans le Vidourle."
DT34-00582,"Bérange,",rivière,"territoires de Sussargues, Castries, Saint-Geniès, Saint-Brès, Mudaison, Lansargues, Candillargues",non,"rivière qui a son origine dans la commune de Saint-Drézéry, parcourt 20,500 mètres, en traversant les territoires de Sussargues, Castries, Saint-Geniès, Saint-Brès, Mudaison, Lansargues, Candillargues, fait mouvoir sept moulins à huile ou à blé, arrose 125 hectares et se perd dans l’étang de Mauguio."
DT34-05646,"Salaizon,",rivière,"territoires de Tréviers, Assas, Teyran",non,"rivière qui prend sa source dans la commune de Guzargues, traverse les territoires de Tréviers, Assas, Teyran, sépare les communes de Vendargues et de Castelnau, entre dans le territoire de Mauguio et se perd dans l’étang de cette commune."
DT34-05128,"Rouviéges,",ruisseau,"territoires de Vendémian, Puilacher, Plaissan et Bélarga",non,"ruisseau qui prend sa source au mas d’Ensabre, commune d’Aumelas, coule sur les territoires de Vendémian, Puilacher, Plaissan et Bélarga, parcourt 19 kilomètres, fait aller un moulin à blé et se jette dans l’Hérault."
DT34-03306,"Lirou (Le),",ruisseau,territoires du Triadou et de Prades,non,"ruisseau qui naît dans la commune des Matelles, passe sur les territoires du Triadou et de Prades et se perd dans le Lez entre ces deux derniers villages."
DT34-04831,"Redon,",montagne,vallée du Salagou,non,"montagne, dans la vallée du Salagou, entre Clermont-l’Hérault et Lodeve ; hauteur, 299 mètres."
DT34-05083,"Rouens,",montagne,vallée du Salagou,non,"montagne dans la vallée du Salagou, entre Clermont-l’Hérault et Lodeve."
DT34-02903,"Holatian,",monastère,vallée du Vernasoubre,non,"monastère de la vallée du Vernasoubre, où prit naissance l’abbaye de Saint-Chinian."
DT34-06306,"Vernezoubres,",rivière,Vernazoubres,non,"rivière qui commence à Vernazoubres, hameau de la commune de Dio-et-Valquières, arrose dix hectares sur le territoire de cette commune, fait aller trois moulins à blé, parcourt 8 kilomètres et 222se jette dans l’Orb."
DT34-05589,"Saint-Pomat,",fief,viguerie de Béziers,non,fief de la viguerie de Béziers.
DT34-01232,"Cardilhac,",fief,viguerie de Gignac,non,fief de la viguerie de Gignac.
DT34-01851,"Crouste (La),",seigneurie,viguerie de Gignac,non,"seigneurie de la viguerie de Gignac, 1529 (dom. de Montp. H. L. V. pr. c. 87)."
DT34-03014,"Juda (La),",seigneurie,viguerie de Gignac,non,"seigneurie de la viguerie de Gignac, 1529 (dom. de Montp. H. L. V, pr. c. 87)."
DT34-04525,"Pompeiroux,",seigneurie,viguerie de Gignac,non,"seigneurie de la viguerie de Gignac, 1529 (dom. de Montp. H. L. V, pr. c. 87)."
DT34-04981,"Rocares,",seigneurie,viguerie de Gignac,non,"seigneurie de la viguerie de Gignac, 1529 (dom. de Montp. H. L. V, pr. c. 87)."
DT34-06049,"Tourmac,",seigneurie,viguerie de Gignac,non,"seigneurie de la viguerie de Gignac, 1529 (dom. de Montp. H. L. V, pr. c. 87)."
DT34-00109,"Ambrueix,",,voie domitienne de Nîmes,non,"vicus, mutatio, sur la voie domitienne de Nîmes à Substantion, bâti en deçà ou en delà du Vidourle, peut-être même sur les deux rives, à un kilomètre S. de Villetelle, où cette rivière sert de limite au département de l’Hérault et à celui du Gard."
DT34-03647,"Mazernes,",ancien château,voisinage d’Aumelas,non,"ancien château dans le voisinage d’Aumelas et du Montcamel, commune de Gignac."
DT34-00020,"Agatha,",île,voisinage de Brescou,non,"île qui, suivant Ptolémée, était située près de la côte de la Gaule narbonnaise, avec une ville du même nom, dans le voisinage de Brescou et de l’embouchure de l’Hérault."
DT34-04531,"Pons Ærarius,",ruines d’un pont romain,voisinage de Substantion,non,"ruines d’un pont romain sur la rivière du Lez, dans le voisinage de Substantion (commune de Castelnau)."
DT34-00424,"Bassan,",,,non,er) de Bézierscanton(1.
DT34-01279,"Cassaderon (Le),",ruisseau,,non,"ruisseau qui prend sa source dans la commune de Murviel, e) de Montpelliercanton(3, traverse les territoires de Saint-Georges, Pignan, Lavérune, arrose cinq hectares et, après un cours de 11,200 mètres, se jette dans la Mausson, affluent du Lez."
DT34-01319,"Castelnau-lez-Lez,",,,non,e) de Montpelliercanton(2.
DT34-01435,"Cazouls-lez-Béziers,",,,non,"sur l’Orb, e) de Bézierscanton(2."
DT34-01456,"Cers,",,,non,er) de Bézierscanton(1.
DT34-02203,"Fabrègues,",,,non,e) de Montpelliercanton(3.
DT34-02746,"Grabels,",,,non,e) de Montpelliercanton(3.
DT34-03149,"Lattes,",,,non,e) de Montpelliercanton(2.
DT34-03210,"Lavérune,",,,non,e) de Montpelliercanton(3.
DT34-03246,"Lespignan,",,,non,e) de Bézierscanton(2.
DT34-03272,"Lieuran-lez-Béziers-et-Ribaute,",,,non,er) de Bézierscanton(1.
DT34-03276,"Lignan,",,,non,er) de Bézierscanton(1.
DT34-03421,"Malpas,",montagne,,non,"montagne, commune de Colombiers, e) de Bézierscanton(2."
DT34-03446,"Maraussan-et-Villenouvette,",,,non,e) de Bézierscanton(2.
DT34-03848,"Montferrier,",,,non,e) de Montpelliercanton(2.
DT34-04032,"Murviel,",arrondissement,,non,e) de Montpelliercanton(3.
DT34-04245,"Palavas,",,,non,e) de Montpelliercanton(2.
DT34-04359,"Pérols,",,,non,e) de Montpelliercanton(2.
DT34-04439,"Pignan,",,,non,e) de Montpelliercanton(3.
DT34-04577,"Portiragnes,",,,non,er) de Bézierscanton(1.
DT34-05357,"Saint-Georges-d’Orques,",,,non,e) de Montpelliercanton(3.
DT34-05408,"Saint-Jean-de-Védas,",,,non,e) de Montpelliercanton(3.
DT34-05725,"Saussan,",,,non,e) de Montpelliercanton(3.
DT34-05737,"Sauvian,",,,non,e) de Bézierscanton(2.
DT34-05783,"Sérignan,",,,non,e) de Bézierscanton(2.
DT34-06253,"Vendres,",,,non,e) de Bézierscanton(2.
DT34-06423,"Villeneuve-lez-Béziers,",,,non,er) de Bézierscanton(1.
